Time,A0,A1,V, isJump
0,255,251,0
0.02,255,253,0
0.04,255,251,0
0.06,255,251,0
0.08,255,251,0
0.09999999,255,251,0
0.12,255,252,0
0.14,255,251,0
0.16,255,251,0
0.18,255,251,0
0.2,255,251,0
0.22,255,252,0
0.24,255,251,0
0.26,255,251,0
0.28,255,251,0
0.3,255,252,0
0.32,255,251,0
0.34,255,252,0
0.36,255,251,0
0.38,255,251,0
0.4,255,252,0
0.42,255,251,0
0.44,255,252,0
0.46,255,252,0
0.48,255,251,0
0.5,255,251,0
0.52,255,251,0
0.54,255,251,0
0.56,255,251,0
0.58,255,251,0
0.6,255,251,0
0.62,255,251,0
0.64,255,251,0
0.66,255,251,0
0.68,255,251,0
0.7,255,252,0
0.72,255,252,0
0.74,255,251,0
0.76,255,251,0
0.78,255,251,0
0.8,255,252,0
0.82,255,251,0
0.84,255,251,0
0.86,255,252,0
0.88,255,252,0
0.9,255,251,0
0.92,255,252,0
0.94,255,252,0
0.96,255,251,0
0.98,255,252,0
1,255,252,0
1.02,255,252,0
1.04,255,251,0
1.06,255,252,0
1.08,255,252,0
1.1,255,252,0
1.12,255,251,0
1.14,255,252,0
1.16,255,251,0
1.18,255,251,0
1.2,255,251,0
1.22,255,252,0
1.24,255,251,0
1.26,255,251,0
1.28,255,251,0
1.3,255,252,0
1.32,255,252,0
1.34,255,251,0
1.36,255,251,0
1.38,255,251,0
1.4,255,252,0
1.42,255,251,0
1.44,255,252,0
1.46,255,252,0
1.48,255,251,0
1.5,255,252,0
1.52,255,251,0
1.54,255,252,0
1.56,255,251,0
1.58,255,251,0
1.6,255,251,0
1.62,255,252,0
1.64,255,251,0
1.66,255,252,0
1.68,255,251,0
1.7,255,252,0
1.72,255,252,0
1.74,255,251,0
1.76,255,252,0
1.78,255,251,0
1.8,255,251,0
1.82,255,252,0
1.84,255,251,0
1.86,255,252,0
1.88,255,252,0
1.9,255,252,0
1.92,255,252,0
1.94,255,251,0
1.96,255,252,0
1.98,255,252,0
2,255,252,0
2.02,255,251,0
2.04,255,251,0
2.06,255,251,0
2.08,255,252,0
2.1,255,251,0
2.12,255,251,0
2.14,255,252,0
2.16,255,251,0
2.18,255,252,0
2.2,255,251,0
2.22,255,252,0
2.24,255,252,0
2.26,255,252,0
2.28,255,252,0
2.3,255,252,0
2.32,255,252,0
2.34,255,251,0
2.36,255,252,0
2.38,255,252,0
2.4,255,252,0
2.42,255,252,0
2.44,255,252,0
2.46,255,252,0
2.48,255,252,0
2.5,255,251,0
2.52,255,252,0
2.54,255,252,0
2.56,255,251,0
2.58,255,252,0
2.6,255,252,0
2.62,255,251,0
2.64,255,252,0
2.66,255,252,0
2.68,255,252,0
2.7,255,252,0
2.72,255,252,0
2.74,255,252,0
2.76,255,252,0
2.78,255,252,0
2.8,255,252,0
2.82,255,252,0
2.84,255,252,0
2.86,255,252,0
2.88,255,251,0
2.9,255,252,0
2.92,255,252,0
2.94,255,252,0
2.96,255,251,0
2.98,255,252,0
3,255,251,0
3.02,255,252,0
3.04,255,252,0
3.06,255,251,0
3.08,255,252,0
3.1,255,252,0
3.12,255,251,0
3.14,255,251,0
3.16,255,251,0
3.18,255,252,0
3.2,255,252,0
3.22,255,252,0
3.24,255,251,0
3.26,255,251,0
3.28,255,252,0
3.3,255,251,0
3.32,255,252,0
3.34,255,251,0
3.36,255,251,0
3.38,255,251,0
3.4,255,251,0
3.42,255,251,0
3.44,255,252,0
3.46,255,251,0
3.48,255,252,0
3.5,255,252,0
3.52,255,251,0
3.54,255,252,0
3.56,255,252,0
3.58,255,252,0
3.6,255,252,0
3.62,255,251,0
3.64,255,251,0
3.66,255,252,0
3.68,255,251,0
3.7,255,252,0
3.72,255,252,0
3.74,255,251,0
3.76,255,252,0
3.78,255,252,0
3.8,255,252,0
3.82,255,251,0
3.84,255,251,0
3.86,255,252,0
3.88,255,251,0
3.9,255,252,0
3.92,255,252,0
3.94,255,252,0
3.96,255,251,0
3.98,255,252,0
4,255,251,0
4.02,255,251,0
4.04,255,252,0
4.06,255,252,0
4.08,255,252,0
4.1,255,251,0
4.12,255,252,0
4.14,255,252,0
4.16,255,252,0
4.18,255,252,0
4.2,255,251,0
4.22,255,251,0
4.24,255,251,0
4.26,255,252,0
4.28,255,252,0
4.3,255,251,0
4.32,255,252,0
4.34,255,251,0
4.36,255,252,0
4.38,255,252,0
4.4,255,251,0
4.42,255,251,0
4.44,255,252,0
4.46,255,251,0
4.48,255,252,0
4.5,255,252,0
4.52,255,251,0
4.54,255,252,0
4.56,255,251,0
4.58,255,252,0
4.6,255,251,0
4.62,255,252,0
4.64,255,251,0
4.66,255,251,0
4.68,255,252,0
4.7,255,252,0
4.72,255,251,0
4.74,255,252,0
4.76,255,252,0
4.78,255,252,0
4.8,255,251,0
4.82,255,251,0
4.84,255,252,0
4.86,255,251,0
4.88,255,252,0
4.9,255,251,0
4.92,255,251,0
4.94,255,252,0
4.96,255,252,0
4.98,255,252,0
5,255,251,0
5.02,255,251,0
5.04,255,251,0
5.06,255,251,0
5.08,255,253,0
5.1,255,252,0
5.12,255,251,0
5.14,255,251,0
5.16,255,252,0
5.18,255,252,0
5.2,255,251,0
5.22,255,251,0
5.24,255,252,0
5.26,255,252,0
5.28,255,252,0
5.3,255,251,0
5.32,255,251,0
5.34,255,251,0
5.36,255,252,0
5.38,255,252,0
5.4,255,252,0
5.42,255,251,0
5.44,255,251,0
5.46,255,252,0
5.48,255,252,0
5.5,255,252,0
5.52,255,252,0
5.54,255,252,0
5.56,255,251,0
5.58,255,252,0
5.6,255,251,0
5.62,255,252,0
5.64,255,252,0
5.66,255,251,0
5.68,255,252,0
5.7,255,251,0
5.72,255,252,0
5.74,255,251,0
5.76,255,252,0
5.78,255,251,0
5.8,255,251,0
5.82,255,252,0
5.84,255,251,0
5.86,255,251,0
5.88,255,251,0
5.9,255,251,0
5.92,255,251,0
5.94,255,251,0
5.96,255,251,0
5.98,255,251,0
6,255,252,0
6.02,255,252,0
6.04,255,251,0
6.06,255,251,0
6.08,255,251,0
6.1,255,252,0
6.12,255,251,0
6.14,255,251,0
6.16,255,252,0
6.18,255,252,0
6.2,255,251,0
6.22,255,251,0
6.24,255,251,0
6.26,255,251,0
6.28,255,252,0
6.3,255,251,0
6.32,255,251,0
6.34,255,251,0
6.36,255,251,0
6.38,255,251,0
6.4,255,251,0
6.42,255,251,0
6.44,255,251,0
6.46,255,251,0
6.48,255,252,0
6.5,255,252,0
6.52,255,252,0
6.54,255,251,0
6.56,255,251,0
6.58,255,251,0
6.6,255,251,0
6.62,255,252,0
6.64,255,252,0
6.66,255,252,0
6.68,255,252,0
6.7,255,251,0
6.72,255,252,0
6.74,255,251,0
6.76,255,251,0
6.78,255,252,0
6.8,255,251,0
6.82,255,251,0
6.84,255,251,0
6.86,255,251,0
6.88,255,252,0
6.9,255,251,0
6.92,255,251,0
6.94,255,251,0
6.96,255,251,0
6.98,255,251,0
7,255,251,0
7.02,255,251,0
7.04,255,252,0
7.06,255,251,0
7.08,255,252,0
7.1,255,251,0
7.12,255,252,0
7.14,255,251,0
7.16,255,251,0
7.18,255,252,0
7.2,255,251,0
7.22,255,251,0
7.24,255,251,0
7.26,255,251,0
7.28,255,252,0
7.3,255,252,0
7.32,255,252,0
7.34,255,251,0
7.36,255,252,0
7.38,255,251,0
7.4,255,252,0
7.42,255,252,0
7.44,255,251,0
7.46,255,252,0
7.48,255,252,0
7.5,255,251,0
7.52,255,251,0
7.54,255,251,0
7.56,255,252,0
7.58,255,252,0
7.6,255,251,0
7.62,255,252,0
7.64,255,251,0
7.66,255,251,0
7.68,255,252,0
7.7,255,251,0
7.72,255,251,0
7.74,255,252,0
7.76,255,252,0
7.78,255,252,0
7.8,255,251,0
7.82,255,253,0
7.84,255,251,0
7.86,255,251,0
7.88,255,252,0
7.9,255,252,0
7.92,255,251,0
7.94,255,251,0
7.96,255,251,0
7.98,255,252,0
8,255,252,0
8.02,255,251,0
8.04,255,252,0
8.059999,255,250,0
8.08,255,251,0
8.099999,255,251,0
8.12,255,252,0
8.139999,255,252,0
8.16,255,252,0
8.179999,255,252,0
8.2,255,251,0
8.22,255,252,0
8.24,255,252,0
8.26,255,251,0
8.28,255,251,0
8.3,255,251,0
8.32,255,251,0
8.34,255,251,0
8.36,255,251,0
8.38,255,251,0
8.4,255,251,0
8.42,255,251,0
8.44,255,251,0
8.46,255,252,0
8.48,255,252,0
8.5,255,252,0
8.52,255,251,0
8.54,255,251,0
8.559999,255,251,0
8.58,255,252,0
8.599999,255,251,0
8.62,255,251,0
8.639999,255,251,0
8.66,255,251,0
8.679999,255,251,0
8.7,255,251,0
8.72,255,252,0
8.74,255,252,0
8.76,255,251,0
8.78,255,251,0
8.8,255,251,0
8.82,255,252,0
8.84,255,251,0
8.86,255,251,0
8.88,255,251,0
8.9,255,251,0
8.92,255,251,0
8.94,255,251,0
8.96,255,251,0
8.98,255,252,0
9,255,252,0
9.02,255,251,0
9.04,255,251,0
9.059999,255,252,0
9.08,255,252,0
9.099999,255,251,0
9.12,255,252,0
9.139999,255,252,0
9.16,255,251,0
9.179999,255,251,0
9.2,255,251,0
9.22,255,252,0
9.24,255,251,0
9.26,255,251,0
9.28,255,252,0
9.3,255,251,0
9.32,255,251,0
9.34,255,252,0
9.36,255,251,0
9.38,255,251,0
9.4,255,251,0
9.42,255,252,0
9.44,255,252,0
9.46,255,251,0
9.48,255,252,0
9.5,255,252,0
9.52,255,251,0
9.54,255,252,0
9.559999,255,251,0
9.58,255,252,0
9.599999,255,252,0
9.62,255,251,0
9.639999,255,252,0
9.66,255,251,0
9.679999,255,251,0
9.7,255,251,0
9.719999,255,251,0
9.74,255,251,0
9.76,255,251,0
9.78,255,251,0
9.8,255,252,0
9.82,255,251,0
9.84,255,251,0
9.86,255,251,0
9.88,255,251,0
9.9,255,252,0
9.92,255,252,0
9.94,255,251,0
9.96,255,251,0
9.98,255,252,0
10,255,252,0
10.02,255,251,0
10.04,255,251,0
10.06,255,251,0
10.08,255,251,0
10.1,255,251,0
10.12,255,251,0
10.14,255,252,0
10.16,255,251,0
10.18,255,251,0
10.2,255,251,0
10.22,255,251,0
10.24,255,252,0
10.26,255,251,0
10.28,255,251,0
10.3,255,251,0
10.32,255,251,0
10.34,255,252,0
10.36,255,252,0
10.38,255,251,0
10.4,255,252,0
10.42,255,251,0
10.44,255,252,0
10.46,255,251,0
10.48,255,251,0
10.5,255,251,0
10.52,255,251,0
10.54,255,251,0
10.56,255,251,0
10.58,255,251,0
10.6,255,251,0
10.62,255,251,0
10.64,255,252,0
10.66,255,252,0
10.68,255,252,0
10.7,255,251,0
10.72,255,251,0
10.74,255,251,0
10.76,255,252,0
10.78,255,251,0
10.8,255,251,0
10.82,255,251,0
10.84,255,251,0
10.86,255,251,0
10.88,255,251,0
10.9,255,251,0
10.92,255,251,0
10.94,255,251,0
10.96,255,251,0
10.98,255,251,0
11,255,251,0
11.02,255,251,0
11.04,255,251,0
11.06,255,250,0
11.08,255,251,0
11.1,255,251,0
11.12,255,251,0
11.14,255,251,0
11.16,255,251,0
11.18,255,251,0
11.2,255,251,0
11.22,255,251,0
11.24,255,251,0
11.26,255,252,0
11.28,255,251,0
11.3,255,251,0
11.32,255,252,0
11.34,255,252,0
11.36,255,251,0
11.38,255,251,0
11.4,255,251,0
11.42,255,252,0
11.44,255,251,0
11.46,255,251,0
11.48,255,251,0
11.5,255,251,0
11.52,255,251,0
11.54,255,252,0
11.56,255,251,0
11.58,255,251,0
11.6,255,251,0
11.62,255,251,0
11.64,255,252,0
11.66,255,251,0
11.68,255,251,0
11.7,255,251,0
11.72,255,251,0
11.74,255,251,0
11.76,255,251,0
11.78,255,251,0
11.8,255,251,0
11.82,255,251,0
11.84,255,251,0
11.86,255,251,0
11.88,255,251,0
11.9,255,251,0
11.92,255,252,0
11.94,255,251,0
11.96,255,251,0
11.98,255,251,0
12,255,251,0
12.02,255,252,0
12.04,255,252,0
12.06,255,251,0
12.08,255,251,0
12.1,255,251,0
12.12,255,252,0
12.14,255,252,0
12.16,255,251,0
12.18,255,251,0
12.2,255,252,0
12.22,255,251,0
12.24,255,251,0
12.26,255,252,0
12.28,255,251,0
12.3,255,251,0
12.32,255,252,0
12.34,255,252,0
12.36,255,252,0
12.38,255,252,0
12.4,255,251,0
12.42,255,251,0
12.44,255,252,0
12.46,255,251,0
12.48,255,251,0
12.5,255,251,0
12.52,255,252,0
12.54,255,252,0
12.56,255,251,0
12.58,255,251,0
12.6,255,251,0
12.62,255,252,0
12.64,255,252,0
12.66,255,251,0
12.68,255,251,0
12.7,255,252,0
12.72,255,252,0
12.74,255,252,0
12.76,255,251,0
12.78,255,252,0
12.8,255,252,0
12.82,255,251,0
12.84,255,251,0
12.86,255,251,0
12.88,255,252,0
12.9,255,251,0
12.92,255,252,0
12.94,255,252,0
12.96,255,251,0
12.98,255,251,0
13,255,252,0
13.02,255,252,0
13.04,255,252,0
13.06,255,251,0
13.08,255,252,0
13.1,255,251,0
13.12,255,251,0
13.14,255,252,0
13.16,255,251,0
13.18,255,252,0
13.2,255,251,0
13.22,255,251,0
13.24,255,252,0
13.26,255,251,0
13.28,255,251,0
13.3,255,251,0
13.32,255,251,0
13.34,255,251,0
13.36,255,251,0
13.38,255,251,0
13.4,255,251,0
13.42,255,251,0
13.44,255,252,0
13.46,255,251,0
13.48,255,252,0
13.5,255,252,0
13.52,255,251,0
13.54,255,252,0
13.56,255,251,0
13.58,255,252,0
13.6,255,251,0
13.62,255,251,0
13.64,255,252,0
13.66,255,251,0
13.68,255,251,0
13.7,255,251,0
13.72,255,251,0
13.74,255,252,0
13.76,255,251,0
13.78,255,251,0
13.8,255,251,0
13.82,255,251,0
13.84,255,252,0
13.86,255,251,0
13.88,255,251,0
13.9,255,251,0
13.92,255,251,0
13.94,255,252,0
13.96,255,252,0
13.98,255,251,0
14,255,251,0
14.02,255,251,0
14.04,255,252,0
14.06,255,252,0
14.08,255,251,0
14.1,255,251,0
14.12,255,251,0
14.14,255,252,0
14.16,255,251,0
14.18,255,251,0
14.2,255,252,0
14.22,255,251,0
14.24,255,251,0
14.26,255,253,0
14.28,255,252,0
14.3,255,251,0
14.32,255,251,0
14.34,255,252,0
14.36,255,252,0
14.38,255,251,0
14.4,255,251,0
14.42,255,251,0
14.44,255,251,0
14.46,255,251,0
14.48,255,252,0
14.5,255,251,0
14.52,255,251,0
14.54,255,252,0
14.56,255,252,0
14.58,255,251,0
14.6,255,252,0
14.62,255,251,0
14.64,255,251,0
14.66,255,252,0
14.68,255,251,0
14.7,255,251,0
14.72,255,251,0
14.74,255,252,0
14.76,255,251,0
14.78,255,251,0
14.8,255,251,0
14.82,255,251,0
14.84,255,251,0
14.86,255,251,0
14.88,255,251,0
14.9,255,251,0
14.92,255,251,0
14.94,255,252,0
14.96,255,251,0
14.98,255,251,0
15,255,251,0
15.02,255,251,0
15.04,255,252,0
15.06,255,251,0
15.08,255,251,0
15.1,255,252,0
15.12,255,251,0
15.14,255,252,0
15.16,255,251,0
15.18,255,252,0
15.2,255,251,0
15.22,255,252,0
15.24,255,252,0
15.26,255,252,0
15.28,255,251,0
15.3,255,251,0
15.32,255,252,0
15.34,255,252,0
15.36,255,251,0
15.38,255,251,0
15.4,255,251,0
15.42,255,251,0
15.44,255,253,0
15.46,255,251,0
15.48,255,251,0
15.5,255,251,0
15.52,255,252,0
15.54,255,251,0
15.56,255,251,0
15.58,255,251,0
15.6,255,252,0
15.62,255,251,0
15.64,255,252,0
15.66,255,251,0
15.68,255,251,0
15.7,255,252,0
15.72,255,252,0
15.74,255,252,0
15.76,255,252,0
15.78,255,252,0
15.8,255,252,0
15.82,255,251,0
15.84,255,252,0
15.86,255,251,0
15.88,255,251,0
15.9,255,252,0
15.92,255,251,0
15.94,255,252,0
15.96,255,252,0
15.98,255,251,0
16,255,251,0
16.02,255,251,0
16.04,255,251,0
16.06,255,252,0
16.08,255,251,0
16.1,255,251,0
16.12,255,251,0
16.14,255,252,0
16.16,255,251,0
16.18,255,251,0
16.2,255,252,0
16.22,255,251,0
16.24,255,251,0
16.26,255,251,0
16.28,255,251,0
16.3,255,252,0
16.32,255,251,0
16.34,255,252,0
16.36,255,251,0
16.38,255,251,0
16.4,255,252,0
16.42,255,251,0
16.44,255,252,0
16.46,255,251,0
16.48,255,251,0
16.5,255,252,0
16.52,255,251,0
16.54,255,251,0
16.56,255,251,0
16.58,255,252,0
16.6,255,252,0
16.62,255,251,0
16.64,255,251,0
16.66,255,251,0
16.68,255,252,0
16.7,255,252,0
16.72,255,251,0
16.74,255,252,0
16.76,255,251,0
16.78,255,252,0
16.8,255,250,0
16.82,255,251,0
16.84,255,251,0
16.86,255,251,0
16.88,255,251,0
16.9,255,251,0
16.92,255,251,0
16.94,255,251,0
16.96,255,250,0
16.98,255,251,0
17,255,251,0
17.02,255,251,0
17.04,255,251,0
17.06,255,252,0
17.08,255,251,0
17.1,255,251,0
17.12,255,251,0
17.14,255,252,0
17.16,255,251,0
17.18,255,251,0
17.2,255,252,0
17.22,255,252,0
17.24,255,251,0
17.26,255,251,0
17.28,255,251,0
17.3,255,252,0
17.32,255,251,0
17.34,255,252,0
17.36,255,252,0
17.38,255,252,0
17.4,255,252,0
17.42,255,251,0
17.44,255,251,0
17.46,255,251,0
17.48,255,251,0
17.5,255,252,0
17.52,255,251,0
17.54,255,252,0
17.56,255,251,0
17.58,255,251,0
17.6,255,251,0
17.62,255,251,0
17.64,255,252,0
17.66,255,251,0
17.68,255,252,0
17.7,255,252,0
17.72,255,252,0
17.74,255,252,0
17.76,255,252,0
17.78,255,252,0
17.8,255,252,0
17.82,255,252,0
17.84,255,251,0
17.86,255,252,0
17.88,255,252,0
17.9,255,253,0
17.92,255,252,0
17.94,255,252,0
17.96,255,252,0
17.98,255,252,0
18,255,251,0
18.02,255,251,0
18.04,255,252,0
18.06,255,251,0
18.08,255,251,0
18.1,255,251,0
18.12,255,251,0
18.14,255,251,0
18.16,255,251,0
18.18,255,251,0
18.2,255,251,0
18.22,255,251,0
18.24,255,251,0
18.26,255,251,0
18.28,255,252,0
18.3,255,252,0
18.32,255,252,0
18.34,255,253,0
18.36,255,251,0
18.38,255,251,0
18.4,255,251,0
18.42,255,252,0
18.44,255,251,0
18.46,255,253,0
18.48,255,251,0
18.5,255,251,0
18.52,255,251,0
18.54,255,252,0
18.56,255,252,0
18.58,255,251,0
18.6,255,251,0
18.62,255,251,0
18.64,255,251,0
18.66,255,251,0
18.68,255,251,0
18.7,255,251,0
18.72,255,252,0
18.74,255,251,0
18.76,255,251,0
18.78,255,252,0
18.8,255,252,0
18.82,255,252,0
18.84,255,251,0
18.86,255,252,0
18.88,255,251,0
18.9,255,252,0
18.92,255,252,0
18.94,255,251,0
18.96,255,251,0
18.98,255,255,2
19,255,255,2
19.02,255,255,2
19.04,255,255,2
19.06,252,255,2
19.08,230,255,2
19.1,211,255,2
19.12,197,255,2
19.14,183,255,2
19.16,167,255,2
19.18,148,255,2
19.2,124,255,2
19.22,104,255,2
19.24,87,255,2
19.26,76,255,2
19.28,69,255,2
19.3,68,255,2
19.32,67,255,2
19.34,72,255,5
19.36,84,255,5
19.38,95,255,5
19.4,107,255,5
19.42,116,255,5
19.44,121,255,5
19.46,130,255,5
19.5,151,255,5
19.54,171,255,5
19.56,176,255,5
19.58,185,255,5
19.6,191,255,5
19.64,203,255,5
19.66,208,255,5
19.7,235,255,5
19.72,249,255,5
19.76,255,255,5
19.78,255,255,13
19.8,255,255,14
19.82,255,255,14
19.84,255,255,14
19.86,255,255,14
19.88,255,255,14
19.9,255,255,14
19.92,255,255,14
19.94,255,255,14
19.96,255,255,14
19.98,255,255,14
20,255,251,14
20.02,255,252,14
20.04,255,252,14
20.06,255,252,14
20.08,255,253,14
20.1,255,253,14
20.12,255,254,14
20.14,255,253,2
20.16,255,253,0
20.18,255,253,0
20.2,255,253,0
20.22,255,253,0
20.24,255,252,0
20.26,255,253,0
20.28,255,252,0
20.3,255,252,0
20.32,255,253,0
20.34,255,252,0
20.36,255,252,0
20.38,255,253,0
20.4,255,249,0
20.42,255,232,0
20.44,255,215,0
20.46,255,200,0
20.48,255,186,0
20.5,255,175,0
20.52,255,165,0
20.54,255,158,0
20.56,255,152,0
20.58,255,148,0
20.6,255,146,0
20.62,255,147,0
20.64,255,146,0
20.66,255,145,0
20.68,255,146,0
20.7,255,147,0
20.72,255,151,8
20.76,255,181,10
20.82,255,231,10
20.84,255,237,10
20.86,255,243,10
20.88,255,249,10
20.9,255,252,10
20.92,255,251,10
20.94,255,250,10
20.96,255,251,10
20.98,255,252,10
21,255,251,10
21.02,255,251,10
21.04,255,252,10
21.06,255,251,10
21.08,255,251,10
21.1,255,251,10
21.12,255,251,10
21.14,255,251,10
21.16,255,252,10
21.18,255,251,10
21.2,255,251,10
21.22,255,252,10
21.24,255,251,10
21.26,255,251,10
21.28,255,251,10
21.3,255,251,10
21.32,255,251,10
21.34,255,251,10
21.36,255,251,10
21.38,255,251,10
21.4,255,251,10
21.42,255,251,10
21.44,255,252,10
21.46,255,251,10
21.48,255,251,10
21.5,255,251,10
21.52,255,251,1
21.54,255,251,0
21.56,255,251,0
21.58,255,250,0
21.6,255,252,0
21.62,255,251,0
21.64,255,251,0
21.66,255,251,0
21.68,255,251,0
21.7,255,251,0
21.72,255,251,0
21.74,255,251,0
21.76,255,251,0
21.78,255,251,0
21.82,255,255,0
21.84,255,255,0
21.86,255,255,0
21.88,224,255,0
21.9,190,255,0
21.92,163,255,0
21.94,145,255,0
21.96,126,255,0
21.98,115,255,0
22,105,255,0
22.02,102,255,0
22.04,100,255,0
22.06,106,255,13
22.08,117,255,15
22.12,150,255,15
22.14,164,255,15
22.18,188,255,15
22.24,255,255,15
22.26,255,255,15
22.28,255,255,15
22.3,255,255,15
22.32,255,251,15
22.34,255,252,15
22.36,255,251,15
22.38,255,252,15
22.4,255,252,15
22.42,255,252,15
22.44,255,252,15
22.46,255,251,15
22.48,255,252,15
22.5,255,252,15
22.52,255,251,15
22.54,255,252,15
22.56,255,252,15
22.58,255,252,15
22.6,255,252,15
22.62,255,251,15
22.64,255,252,15
22.66,255,252,15
22.68,255,251,15
22.7,255,251,15
22.72,255,251,15
22.74,255,251,15
22.76,255,251,15
22.78,255,228,15
22.8,255,211,15
22.82,255,199,15
22.84,255,189,15
22.86,255,182,2
22.88,255,177,0
22.9,255,177,0
22.92,255,182,9
22.98,255,227,11
23,255,238,11
23.02,255,243,11
23.04,255,251,11
23.06,255,252,11
23.08,255,251,11
23.1,255,252,11
23.12,255,252,11
23.14,255,251,11
23.16,255,251,11
23.18,255,252,11
23.2,255,252,11
23.22,255,252,11
23.24,255,251,11
23.26,255,252,11
23.28,255,251,11
23.3,255,251,11
23.32,255,252,11
23.36,255,255,11
23.38,255,255,11
23.4,255,255,11
23.42,238,255,11
23.44,218,255,11
23.46,199,255,11
23.48,182,255,11
23.5,160,255,11
23.52,137,255,11
23.54,115,255,11
23.56,102,255,11
23.58,91,255,11
23.6,83,255,11
23.62,81,255,11
23.64,82,255,11
23.66,93,255,16
23.68,121,255,17
23.76,241,255,14
23.78,255,255,14
23.8,255,255,14
23.82,255,255,14
23.84,255,255,14
23.86,255,251,14
23.88,255,253,14
23.9,255,253,14
23.92,255,253,14
23.94,255,253,14
23.96,255,252,14
23.98,255,253,14
24,255,252,14
24.02,255,253,14
24.04,255,253,14
24.06,255,252,14
24.08,255,252,14
24.1,255,252,14
24.12,255,252,14
24.14,255,252,14
24.16,255,252,14
24.18,255,252,14
24.2,255,251,14
24.22,255,249,14
24.24,255,231,14
24.26,255,215,14
24.28,255,199,14
24.3,255,188,14
24.32,255,179,14
24.34,255,173,14
24.36,255,171,14
24.38,255,173,14
24.4,255,183,18
24.46,255,237,12
24.48,255,238,11
24.5,255,238,11
24.52,255,242,11
24.54,255,252,11
24.56,255,252,11
24.58,255,252,11
24.6,255,252,11
24.62,255,253,11
24.64,255,253,11
24.66,255,253,11
24.68,255,253,11
24.7,255,254,11
24.72,255,252,11
24.74,255,252,11
24.76,255,252,11
24.78,255,253,11
24.8,255,253,11
24.82,255,252,11
24.84,255,253,11
24.86,255,255,11
24.88,255,255,11
24.9,255,255,11
24.92,242,255,11
24.94,217,255,11
24.96,199,255,11
24.98,182,255,11
25,159,255,11
25.02,142,255,11
25.04,121,255,11
25.06,109,255,11
25.08,100,255,11
25.1,95,255,11
25.12,94,255,11
25.14,102,255,17
25.16,124,255,18
25.2,179,255,15
25.28,255,255,15
25.3,255,255,15
25.32,255,253,15
25.34,255,252,15
25.36,255,253,15
25.38,255,254,15
25.4,255,253,15
25.42,255,253,15
25.44,255,253,15
25.46,255,254,15
25.48,255,252,15
25.5,255,253,15
25.52,255,253,15
25.54,255,253,15
25.56,255,254,15
25.58,255,252,15
25.6,255,253,15
25.62,255,253,15
25.64,255,253,15
25.66,255,253,15
25.68,255,253,15
25.7,255,246,15
25.72,255,229,15
25.74,255,214,15
25.76,255,202,15
25.78,255,190,15
25.8,255,181,15
25.82,255,173,15
25.84,255,168,15
25.86,255,168,15
25.88,255,167,15
25.92,255,177,23
25.94,255,181,16
25.96,255,188,15
25.98,255,201,15
26.02,255,238,15
26.04,255,239,15
26.06,255,238,15
26.08,255,243,15
26.1,255,249,15
26.12,255,250,15
26.14,255,249,15
26.16,255,249,15
26.18,255,250,15
26.2,255,249,15
26.22,255,249,15
26.24,255,250,15
26.26,255,250,15
26.28,255,250,15
26.3,255,250,15
26.32,255,250,15
26.34,255,250,15
26.38,255,255,15
26.4,255,255,15
26.42,236,255,15
26.44,202,255,15
26.46,175,255,15
26.48,152,255,15
26.5,136,255,15
26.52,120,255,15
26.54,111,255,15
26.56,110,255,15
26.58,108,255,15
26.6,119,255,23
26.64,150,255,24
26.66,164,255,24
26.74,255,255,15
26.76,255,250,15
26.78,255,251,15
26.8,255,250,15
26.82,255,251,15
26.84,255,250,15
26.86,255,250,15
26.88,255,250,15
26.9,255,251,15
26.92,255,251,15
26.94,255,250,15
26.96,255,250,15
26.98,255,250,15
27,255,250,15
27.02,255,250,15
27.04,255,250,15
27.06,255,250,15
27.08,255,250,15
27.1,255,250,15
27.12,255,249,15
27.14,255,240,15
27.16,255,223,15
27.18,255,210,15
27.2,255,198,15
27.22,255,189,15
27.24,255,178,15
27.26,255,170,15
27.28,255,164,15
27.3,255,160,15
27.32,255,159,15
27.34,255,159,15
27.36,255,162,18
27.38,255,164,18
27.4,255,167,12
27.42,255,174,11
27.48,255,234,11
27.5,255,239,11
27.52,255,240,11
27.54,255,249,11
27.56,255,250,11
27.58,255,250,11
27.6,255,250,11
27.62,255,250,11
27.64,255,250,11
27.66,255,250,11
27.68,255,250,11
27.7,255,250,11
27.72,255,251,11
27.74,255,251,11
27.76,255,251,11
27.78,255,250,11
27.8,255,250,11
27.82,255,251,11
27.84,255,251,11
27.86,255,251,11
27.88,255,251,11
27.9,255,250,11
27.92,255,250,11
27.94,255,250,11
27.96,255,251,11
27.98,255,251,11
28,255,250,11
28.02,255,251,11
28.04,255,250,11
28.06,255,251,11
28.08,255,250,11
28.1,255,250,11
28.14,255,255,11
28.16,255,255,1
28.18,255,255,0
28.2,246,255,0
28.22,216,255,0
28.24,187,255,0
28.26,167,255,0
28.28,150,255,0
28.3,139,255,0
28.32,126,255,0
28.34,124,255,0
28.36,134,255,13
28.4,162,255,16
28.42,174,255,16
28.46,211,255,16
28.52,255,255,16
28.54,255,255,16
28.56,255,255,16
28.58,255,255,16
28.6,255,255,16
28.62,255,250,16
28.64,255,250,16
28.66,255,250,16
28.68,255,251,16
28.7,255,251,16
28.72,255,250,16
28.74,255,250,16
28.76,255,251,16
28.78,255,250,16
28.8,255,250,16
28.82,255,250,16
28.84,255,250,16
28.86,255,250,16
28.88,255,250,16
28.9,255,250,16
28.92,255,250,16
28.94,255,250,16
28.96,255,250,16
28.98,255,250,16
29,255,250,16
29.02,255,250,16
29.04,255,248,16
29.06,255,241,16
29.08,255,234,16
29.1,255,227,16
29.12,255,223,16
29.14,255,221,16
29.16,255,221,2
29.18,255,226,10
29.2,255,236,11
29.22,255,241,11
29.24,255,241,11
29.26,255,242,11
29.28,255,241,11
29.3,255,241,11
29.32,255,241,11
29.34,255,240,11
29.36,255,241,11
29.38,255,241,11
29.4,255,243,11
29.42,255,241,11
29.44,255,242,11
29.46,255,241,11
29.48,255,241,11
29.5,255,241,11
29.52,255,241,11
29.54,255,241,11
29.56,255,242,11
29.58,255,241,11
29.6,255,241,11
29.62,255,242,11
29.64,255,241,11
29.66,255,250,11
29.68,255,255,11
29.7,255,255,11
29.72,255,255,11
29.74,217,255,11
29.76,185,255,11
29.78,155,255,11
29.8,134,255,11
29.82,113,255,11
29.84,102,255,11
29.86,94,255,11
29.88,88,255,11
29.9,87,255,11
29.92,87,255,11
29.94,95,255,17
29.96,106,255,18
29.98,118,255,16
30.08,255,255,15
30.1,255,255,15
30.12,255,255,15
30.14,255,255,15
30.16,255,251,15
30.18,255,242,15
30.2,255,243,15
30.22,255,243,15
30.24,255,242,15
30.26,255,242,15
30.28,255,241,15
30.3,255,242,15
30.32,255,241,15
30.34,255,241,15
30.36,255,242,15
30.38,255,241,15
30.4,255,242,15
30.42,255,242,15
30.44,255,242,15
30.46,255,242,15
30.48,255,241,15
30.5,255,242,15
30.52,255,242,15
30.54,255,241,15
30.56,255,241,15
30.58,255,242,15
30.6,255,241,15
30.62,255,231,15
30.64,255,210,15
30.66,255,196,15
30.68,255,184,15
30.7,255,175,15
30.72,255,168,15
30.74,255,165,2
30.76,255,166,0
30.8,255,185,10
30.84,255,216,10
30.88,255,239,10
30.9,255,238,10
30.92,255,240,10
30.96,255,248,10
30.98,255,248,10
31,255,248,10
31.02,255,248,10
31.04,255,248,10
31.06,255,248,10
31.08,255,248,10
31.1,255,248,10
31.12,255,249,10
31.14,255,248,10
31.16,255,248,10
31.18,255,249,10
31.2,255,255,10
31.22,255,255,10
31.24,255,255,10
31.26,240,255,10
31.28,206,255,10
31.3,178,255,10
31.32,157,255,10
31.34,142,255,10
31.36,125,255,10
31.38,117,255,10
31.4,114,255,10
31.42,114,255,10
31.44,121,255,17
31.48,170,255,18
31.54,255,255,18
31.56,255,255,18
31.58,255,255,16
31.6,255,248,16
31.62,255,249,15
31.64,255,250,15
31.66,255,249,15
31.68,255,249,15
31.7,255,249,15
31.72,255,249,15
31.74,255,249,15
31.76,255,248,15
31.78,255,248,15
31.8,255,249,15
31.82,255,248,15
31.84,255,250,15
31.86,255,249,15
31.88,255,248,15
31.9,255,249,15
31.92,255,238,15
31.94,255,217,15
31.96,255,202,15
31.98,255,191,15
32,255,183,15
32.02,255,178,15
32.04,255,178,15
32.06,255,182,19
32.1,255,210,20
32.14,255,237,20
32.16,255,240,20
32.2,255,250,20
32.22,255,249,20
32.24,255,249,13
32.26,255,250,12
32.28,255,250,12
32.3,255,250,12
32.32,255,250,12
32.34,255,250,12
32.36,255,249,12
32.38,255,249,12
32.4,255,255,12
32.42,255,255,12
32.44,255,255,12
32.46,255,255,12
32.48,224,255,12
32.5,198,255,12
32.52,175,255,12
32.54,155,255,12
32.56,142,255,12
32.58,125,255,12
32.6,120,255,12
32.62,119,255,12
32.66,151,255,20
32.68,164,255,20
32.78,255,255,21
32.8,255,255,21
32.82,255,255,21
32.84,255,251,23
32.86,255,251,24
32.88,255,251,24
32.9,255,251,24
32.92,255,251,24
32.94,255,251,24
32.96,255,251,24
32.98,255,251,24
33,255,251,24
33.02,255,251,24
33.04,255,252,24
33.06,255,251,24
33.08,255,251,24
33.1,255,243,24
33.12,255,227,24
33.14,255,214,24
33.16,255,206,24
33.18,255,201,24
33.2,255,201,24
33.22,255,204,25
33.24,255,207,26
33.28,255,227,26
33.3,255,240,26
33.32,255,239,26
33.34,255,245,26
33.36,255,252,26
33.38,255,252,26
33.4,255,252,26
33.42,255,252,26
33.44,255,251,17
33.46,255,252,16
33.48,255,253,16
33.5,255,252,16
33.52,255,251,16
33.54,255,252,16
33.58,255,255,16
33.6,255,255,16
33.62,255,255,16
33.64,238,255,16
33.66,216,255,16
33.68,196,255,16
33.7,177,255,16
33.72,161,255,16
33.74,151,255,16
33.76,145,255,16
33.78,145,255,16
33.8,149,255,24
33.9,255,255,26
33.92,255,255,26
33.94,255,255,26
33.96,255,252,26
33.98,255,252,27
34,255,253,27
34.02,255,252,27
34.04,255,253,27
34.06,255,252,27
34.08,255,252,27
34.1,255,252,27
34.12,255,251,27
34.14,255,251,27
34.16,255,252,27
34.18,255,251,27
34.2,255,252,27
34.22,255,250,27
34.24,255,251,27
34.26,255,243,27
34.28,255,228,27
34.3,255,216,27
34.32,255,207,27
34.34,255,201,27
34.36,255,198,27
34.38,255,198,27
34.4,255,198,27
34.42,255,201,25
34.44,255,206,25
34.48,255,228,25
34.5,255,241,25
34.52,255,244,25
34.54,255,245,25
34.56,255,245,25
34.58,255,244,25
34.6,255,245,17
34.62,255,244,15
34.64,255,244,15
34.66,255,245,15
34.68,255,245,15
34.7,255,244,15
34.72,255,244,15
34.74,255,245,15
34.76,255,244,15
34.78,255,253,15
34.8,255,255,15
34.82,255,255,15
34.84,255,255,15
34.86,233,255,15
34.88,208,255,15
34.9,187,255,15
34.92,170,255,15
34.94,158,255,15
34.96,149,255,15
34.98,145,255,15
35,145,255,15
35.02,156,255,23
35.06,178,255,25
35.14,255,255,25
35.16,255,247,25
35.18,255,250,25
35.2,255,249,25
35.22,255,249,25
35.24,255,250,25
35.26,255,251,25
35.28,255,250,25
35.3,255,250,25
35.32,255,249,25
35.34,255,248,25
35.36,255,247,25
35.38,255,249,25
35.4,255,248,25
35.42,255,249,25
35.44,255,241,25
35.46,255,224,25
35.48,255,211,25
35.5,255,202,25
35.52,255,195,25
35.54,255,193,25
35.56,255,193,25
35.58,255,195,25
35.62,255,212,25
35.66,255,243,25
35.7,255,247,25
35.72,255,248,25
35.74,255,249,25
35.76,255,247,25
35.78,255,248,25
35.8,255,248,25
35.82,255,248,17
35.84,255,248,16
35.86,255,248,15
35.88,255,247,15
35.9,255,255,15
35.92,255,255,15
35.94,255,255,15
35.96,255,255,15
35.98,227,255,15
36,205,255,15
36.02,186,255,15
36.04,168,255,15
36.06,158,255,15
36.08,151,255,15
36.1,150,255,15
36.12,156,255,24
36.16,185,255,26
36.24,255,255,26
36.26,255,255,26
36.28,255,246,27
36.3,255,246,27
36.32,255,246,27
36.34,255,246,27
36.36,255,246,27
36.38,255,245,27
36.4,255,246,27
36.42,255,246,27
36.44,255,245,27
36.46,255,246,27
36.48,255,244,27
36.5,255,242,27
36.52,255,227,27
36.54,255,213,27
36.56,255,203,27
36.58,255,196,27
36.6,255,190,27
36.62,255,190,27
36.64,255,192,27
36.66,255,198,28
36.7,255,229,29
36.72,255,240,29
36.76,255,245,29
36.78,255,244,29
36.8,255,245,29
36.82,255,245,29
36.84,255,245,29
36.86,255,245,29
36.88,255,245,29
36.9,255,245,29
36.92,255,245,19
36.94,255,245,18
36.96,255,255,18
36.98,255,255,18
37,255,255,18
37.02,238,255,18
37.04,207,255,18
37.06,182,255,18
37.08,160,255,18
37.1,149,255,18
37.12,139,255,18
37.14,140,255,18
37.16,149,255,27
37.24,255,255,29
37.26,255,255,29
37.28,255,252,30
37.3,255,245,30
37.32,255,245,30
37.34,255,245,30
37.36,255,245,30
37.38,255,245,30
37.4,255,245,30
37.42,255,244,30
37.44,255,244,30
37.46,255,245,30
37.48,255,244,30
37.5,255,241,30
37.52,255,227,30
37.54,255,219,30
37.56,255,217,30
37.58,255,219,30
37.62,255,242,33
37.66,255,248,33
37.68,255,247,33
37.7,255,247,33
37.72,255,247,33
37.74,255,247,33
37.76,255,247,33
37.78,255,247,33
37.8,255,255,33
37.82,255,255,33
37.84,255,255,33
37.86,238,255,42
37.88,225,255,44
37.9,224,255,44
37.92,233,255,48
37.94,255,255,49
37.96,255,255,49
37.98,255,255,49
38,255,253,49
38.02,255,252,49
38.04,255,252,49
38.06,255,253,49
38.08,255,252,49
38.1,255,251,49
38.12,255,251,49
38.14,255,251,49
38.16,255,250,49
38.18,255,250,49
38.2,255,250,49
38.22,255,250,49
38.24,255,250,49
38.26,255,250,49
38.28,255,250,49
38.3,255,250,49
38.32,255,250,49
38.34,255,250,49
38.36,255,250,49
38.38,255,250,49
38.4,255,250,32
38.42,255,250,29
38.44,255,250,29
38.46,255,255,28
38.48,255,255,28
38.5,255,255,28
38.52,255,255,28
38.54,250,255,33
38.56,249,255,33
38.58,250,255,34
38.6,255,255,34
38.62,255,255,34
38.64,255,255,34
38.66,255,251,34
38.68,255,250,34
38.7,255,250,34
38.72,255,251,34
38.74,255,250,34
38.76,255,250,34
38.78,255,250,34
38.8,255,249,34
38.82,255,249,34
38.84,255,243,34
38.86,255,238,34
38.88,255,239,34
38.9,255,239,34
38.92,255,247,43
38.94,255,252,44
38.96,255,252,44
38.98,255,252,44
39,255,253,44
39.02,255,253,44
39.04,255,252,44
39.06,255,255,44
39.08,255,255,44
39.1,255,255,44
39.12,255,255,44
39.14,243,255,51
39.16,238,255,52
39.18,239,255,53
39.2,254,255,53
39.22,255,255,53
39.24,255,255,53
39.26,255,255,53
39.28,255,253,53
39.3,255,253,53
39.32,255,253,53
39.34,255,253,53
39.36,255,252,53
39.38,255,252,53
39.4,255,252,53
39.42,255,253,53
39.44,255,252,53
39.46,255,252,53
39.48,255,252,53
39.5,255,252,53
39.52,255,251,53
39.54,255,252,53
39.56,255,252,53
39.58,255,251,53
39.6,255,253,53
39.62,255,255,53
39.64,255,255,53
39.66,255,255,53
39.68,255,255,53
39.7,251,255,57
39.72,255,255,47
39.74,255,255,46
39.76,255,255,45
39.78,255,255,45
39.8,255,252,45
39.82,255,252,45
39.84,255,251,45
39.86,255,251,45
39.88,255,252,45
39.9,255,251,45
39.92,255,252,45
39.94,255,251,45
39.96,255,251,45
39.98,255,251,45
40,255,251,45
40.02,255,251,45
40.04,255,251,45
40.06,255,251,45
40.08,255,251,45
40.1,255,251,45
40.12,255,250,45
40.14,255,251,45
40.16,255,250,45
40.18,255,251,45
40.2,255,227,45
40.22,255,210,45
40.24,255,195,45
40.26,255,184,45
40.28,255,176,45
40.3,255,172,45
40.32,255,172,45
40.36,255,195,51
40.4,255,237,52
40.42,255,244,52
40.44,255,249,52
40.46,255,250,52
40.48,255,250,52
40.5,255,251,17
40.52,255,250,12
40.54,255,250,11
40.56,255,251,11
40.58,255,250,11
40.6,255,250,11
40.62,255,250,11
40.66,255,255,11
40.68,255,255,11
40.7,224,255,11
40.72,201,255,11
40.74,183,255,11
40.76,173,255,11
40.78,167,255,11
40.8,169,255,11
40.82,179,255,11
40.88,255,255,11
40.9,255,255,11
40.92,255,253,11
40.94,255,251,11
40.96,255,251,11
40.98,255,252,11
41,255,252,11
41.02,255,252,11
41.04,255,251,11
41.06,255,252,11
41.08,255,251,11
41.1,255,252,11
41.12,255,252,11
41.14,255,251,8
41.16,255,251,8
41.18,255,235,8
41.2,255,217,8
41.22,255,209,8
41.24,255,203,8
41.26,255,200,8
41.28,255,200,8
41.3,255,207,15
41.34,255,238,16
41.36,255,245,16
41.38,255,249,16
41.4,255,250,16
41.42,255,250,16
41.44,255,250,16
41.46,255,250,16
41.48,255,250,16
41.5,255,250,16
41.52,255,250,16
41.54,255,250,16
41.58,255,255,16
41.6,255,255,16
41.62,233,255,17
41.64,201,255,17
41.66,175,255,17
41.68,155,255,17
41.7,139,255,17
41.72,133,255,17
41.74,133,255,17
41.76,145,255,31
41.84,255,253,33
41.86,255,252,33
41.88,255,252,33
41.9,255,252,33
41.92,255,251,33
41.94,255,251,33
41.96,255,250,33
41.98,255,251,33
42,255,250,33
42.02,255,250,33
42.04,255,250,33
42.06,255,250,33
42.08,255,247,40
42.1,255,224,41
42.12,255,209,41
42.14,255,199,41
42.16,255,189,41
42.18,255,183,41
42.2,255,180,41
42.22,255,182,41
42.24,255,190,39
42.3,255,242,39
42.34,255,245,39
42.36,255,245,39
42.38,255,245,39
42.4,255,245,39
42.42,255,245,39
42.44,255,245,39
42.46,255,246,39
42.48,255,245,39
42.5,255,245,39
42.52,255,244,39
42.54,255,245,39
42.56,255,246,24
42.58,255,245,21
42.6,255,244,21
42.62,255,245,21
42.64,255,245,21
42.66,255,245,21
42.68,255,246,21
42.7,255,245,21
42.72,255,246,21
42.74,255,245,21
42.76,255,244,21
42.78,255,245,21
42.8,255,245,21
42.82,255,245,21
42.84,255,245,21
42.86,255,245,21
42.88,255,245,21
42.9,255,246,21
42.92,255,245,21
42.94,255,245,21
42.96,255,245,21
42.98,255,245,21
43,255,246,21
43.02,255,245,21
43.04,255,245,3
43.06,255,245,0
43.08,255,245,0
43.1,255,245,0
43.12,255,245,0
43.14,255,245,0
43.16,255,246,0
43.18,255,245,0
43.2,255,245,0
43.22,255,245,0
43.24,255,245,0
43.26,255,245,0
43.28,255,245,0
43.3,255,246,0
43.32,255,245,0
43.34,255,246,0
43.36,255,245,0
43.38,255,245,0
43.4,255,245,0
43.42,255,245,0
43.44,255,245,0
43.46,255,245,0
43.48,255,245,0
43.5,255,245,0
43.52,255,245,0
43.54,255,245,0
43.56,255,245,0
43.58,255,245,0
43.6,255,246,0
43.62,255,246,0
43.64,255,245,0
43.66,255,245,0
43.68,255,244,0
43.7,255,245,0
43.72,255,245,0
43.74,255,245,0
43.76,255,245,0
43.78,255,245,0
43.8,255,245,0
43.82,255,245,0
43.84,255,246,0
43.86,255,245,0
43.88,255,246,0
43.9,255,245,0
43.92,255,245,0
43.94,255,245,0
43.96,255,245,0
43.98,255,244,0
44,255,245,0
44.02,255,245,0
44.04,255,245,0
44.06,255,245,0
44.08,255,245,0
44.1,255,245,0
44.12,255,245,0
44.14,255,245,0
44.16,255,245,0
44.18,255,245,0
44.2,255,245,0
44.22,255,245,0
44.24,255,245,0
44.26,255,245,0
44.28,255,244,0
44.3,255,245,0
44.32,255,245,0
44.34,255,245,0
44.36,255,245,0
44.38,255,245,0
44.4,255,245,0
44.42,255,245,0
44.44,255,245,0
44.46,255,245,0
44.48,255,245,0
44.5,255,245,0
44.52,255,245,0
44.54,255,245,0
44.56,255,246,0
44.58,255,245,0
44.6,255,245,0
44.62,255,245,0
44.64,255,245,0
44.66,255,245,0
44.68,255,246,0
44.7,255,245,0
44.72,255,245,0
44.74,255,245,0
44.76,255,245,0
44.78,255,245,0
44.8,255,245,0
44.82,255,245,0
44.84,255,245,0
44.86,255,245,0
44.88,255,246,0
44.9,255,245,0
44.92,255,245,0
44.94,255,246,0
44.96,255,245,0
44.98,255,245,0
45,255,245,0
45.02,255,245,0
45.04,255,245,0
45.06,255,246,0
45.08,255,245,0
45.1,255,245,0
45.12,255,245,0
45.14,255,245,0
45.16,255,246,0
45.18,255,245,0
45.2,255,245,0
45.22,255,245,0
45.24,255,246,0
45.26,255,245,0
45.28,255,245,0
45.3,255,245,0
45.32,255,245,0
45.34,255,245,0
45.36,255,246,0
45.38,255,245,0
45.4,255,245,0
45.42,255,245,0
45.44,255,245,0
45.46,255,245,0
45.48,255,245,0
45.5,255,245,0
45.52,255,247,0
45.54,255,246,0
45.56,255,245,0
45.58,255,245,0
45.6,255,245,0
45.62,255,245,0
45.64,255,245,0
45.66,255,245,0
45.68,255,245,0
45.7,255,245,0
45.72,255,245,0
45.74,255,245,0
45.76,255,246,0
45.78,255,245,0
45.8,255,246,0
45.82,255,245,0
45.84,255,245,0
45.86,255,245,0
45.88,255,245,0
45.9,255,245,0
45.92,255,245,0
45.94,255,245,0
45.96,255,246,0
45.98,255,245,0
46,255,245,0
46.02,255,245,0
46.04,255,246,0
46.06,255,245,0
46.08,255,245,0
46.1,255,245,0
46.12,255,245,0
46.14,255,246,0
46.16,255,245,0
46.18,255,245,0
46.2,255,245,0
46.22,255,245,0
46.24,255,245,0
46.26,255,245,0
46.28,255,245,0
46.3,255,245,0
46.32,255,245,0
46.34,255,246,0
46.36,255,246,0
46.38,255,245,0
46.4,255,245,0
46.42,255,245,0
46.44,255,244,0
46.46,255,245,0
46.48,255,244,0
46.5,255,245,0
46.52,255,245,0
46.54,255,245,0
46.56,255,245,0
46.58,255,245,0
46.6,255,245,0
46.62,255,245,0
46.64,255,245,0
46.66,255,245,0
46.68,255,245,0
46.7,255,245,0
46.72,255,244,0
46.74,255,245,0
46.76,255,246,0
46.78,255,245,0
46.8,255,245,0
46.82,255,246,0
46.84,255,245,0
46.86,255,245,0
46.88,255,245,0
46.9,255,245,0
46.92,255,244,0
46.94,255,245,0
46.96,255,245,0
46.98,255,244,0
47,255,245,0
47.02,255,245,0
47.04,255,245,0
47.06,255,245,0
47.08,255,245,0
47.1,255,245,0
47.12,255,245,0
47.14,255,245,0
47.16,255,245,0
47.18,255,245,0
47.2,255,246,0
47.22,255,245,0
47.24,255,245,0
47.26,255,245,0
47.28,255,245,0
47.3,255,245,0
47.32,255,245,0
47.34,255,244,0
47.36,255,246,0
47.38,255,245,0
47.4,255,245,0
47.42,255,245,0
47.44,255,245,0
47.46,255,246,0
47.48,255,244,0
47.5,255,244,0
47.52,255,244,0
47.54,255,245,0
47.56,255,245,0
47.58,255,245,0
47.6,255,245,0
47.62,255,245,0
47.64,255,245,0
47.66,255,245,0
47.68,255,244,0
47.7,255,245,0
47.72,255,245,0
47.74,255,244,0
47.76,255,245,0
47.78,255,245,0
47.8,255,245,0
47.82,255,245,0
47.84,255,246,0
47.86,255,245,0
47.88,255,245,0
47.9,255,245,0
47.92,255,245,0
47.94,255,244,0
47.96,255,245,0
47.98,255,246,0
48,255,245,0
48.02,255,245,0
48.04,255,245,0
48.06,255,245,0
48.08,255,244,0
48.1,255,244,0
48.12,255,246,0
48.14,255,244,0
48.16,255,245,0
48.18,255,244,0
48.2,255,245,0
48.22,255,245,0
48.24,255,245,0
48.26,255,245,0
48.28,255,245,0
48.3,255,245,0
48.32,255,245,0
48.34,255,245,0
48.36,255,245,0
48.38,255,245,0
48.4,255,245,0
48.42,255,245,0
48.44,255,245,0
48.46,255,245,0
48.48,255,245,0
48.5,255,245,0
48.52,255,244,0
48.54,255,245,0
48.56,255,245,0
48.58,255,244,0
48.6,255,246,0
48.62,255,246,0
48.64,255,245,0
48.66,255,245,0
48.68,255,245,0
48.7,255,245,0
48.72,255,245,0
48.74,255,245,0
48.76,255,246,0
48.78,255,244,0
48.8,255,246,0
48.82,255,245,0
48.84,255,245,0
48.86,255,245,0
48.88,255,244,0
48.9,255,245,0
48.92,255,245,0
48.94,255,245,0
48.96,255,245,0
48.98,255,244,0
49,255,245,0
49.02,255,245,0
49.04,255,245,0
49.06,255,245,0
49.08,255,245,0
49.1,255,245,0
49.12,255,245,0
49.14,255,246,0
49.16,255,245,0
49.18,255,246,0
49.2,255,245,0
49.22,255,245,0
49.24,255,245,0
49.26,255,245,0
49.28,255,246,0
49.3,255,245,0
49.32,255,245,0
49.34,255,245,0
49.36,255,245,0
49.38,255,245,0
49.4,255,245,0
49.42,255,244,0
49.44,255,243,0
49.46,255,245,0
49.48,255,245,0
49.5,255,245,0
49.52,255,245,0
49.54,255,246,0
49.56,255,245,0
49.58,255,245,0
49.6,255,245,0
49.62,255,245,0
49.64,255,245,0
49.66,255,245,0
49.68,255,245,0
49.7,255,245,0
49.72,255,245,0
49.74,255,246,0
49.76,255,245,0
49.78,255,245,0
49.8,255,245,0
49.82,255,245,0
49.84,255,244,0
49.86,255,245,0
49.88,255,245,0
49.9,255,244,0
49.92,255,245,0
49.94,255,246,0
49.96,255,245,0
49.98,255,245,0
50,255,245,0
50.02,255,244,0
50.04,255,245,0
50.06,255,245,0
50.08,255,245,0
50.1,255,244,0
50.12,255,244,0
50.14,255,245,0
50.16,255,245,0
50.18,255,245,0
50.2,255,245,0
50.22,255,244,0
50.24,255,245,0
50.26,255,245,0
50.28,255,245,0
50.3,255,246,0
50.32,255,245,0
50.34,255,245,0
50.36,255,244,0
50.38,255,245,0
50.4,255,244,0
50.42,255,245,0
50.44,255,245,0
50.46,255,245,0
50.48,255,245,0
50.5,255,245,0
50.52,255,245,0
50.54,255,245,0
50.56,255,245,0
50.58,255,245,0
50.6,255,245,0
50.62,255,245,0
50.64,255,245,0
50.66,255,245,0
50.68,255,245,0
50.7,255,245,0
50.72,255,246,0
50.74,255,246,0
50.76,255,246,0
50.78,255,245,0
50.8,255,244,0
50.82,255,245,0
50.84,255,245,0
50.86,255,245,0
50.88,255,245,0
50.9,255,246,0
50.92,255,245,0
50.94,255,245,0
50.96,255,245,0
50.98,255,246,0
51,255,246,0
51.02,255,245,0
51.04,255,245,0
51.06,255,246,0
51.08,255,245,0
51.1,255,245,0
51.12,255,246,0
51.14,255,245,0
51.16,255,245,0
51.18,255,245,0
51.2,255,245,0
51.22,255,245,0
51.24,255,245,0
51.26,255,245,0
51.28,255,246,0
51.3,255,245,0
51.32,255,245,0
51.34,255,245,0
51.36,255,245,0
51.38,255,245,0
51.4,255,246,0
51.42,255,245,0
51.44,255,245,0
51.46,255,246,0
51.48,255,245,0
51.5,255,245,0
51.52,255,245,0
51.54,255,245,0
51.56,255,245,0
51.58,255,245,0
51.6,255,244,0
51.62,255,246,0
51.64,255,245,0
51.66,255,245,0
51.68,255,245,0
51.7,255,245,0
51.72,255,245,0
51.74,255,245,0
51.76,255,245,0
51.78,255,245,0
51.8,255,245,0
51.82,255,246,0
51.84,255,245,0
51.86,255,245,0
51.88,255,245,0
51.9,255,245,0
51.92,255,245,0
51.94,255,245,0
51.96,255,245,0
51.98,255,245,0
52,255,245,0
52.02,255,245,0
52.04,255,244,0
52.06,255,245,0
52.08,255,245,0
52.1,255,245,0
52.12,255,245,0
52.14,255,244,0
52.16,255,246,0
52.18,255,244,0
52.2,255,244,0
52.22,255,245,0
52.24,255,245,0
52.26,255,254,0
52.28,255,255,0
52.3,255,255,0
52.32,253,255,0
52.34,205,255,0
52.36,168,255,0
52.38,139,255,0
52.4,112,255,0
52.42,94,255,0
52.44,82,255,0
52.46,70,255,0
52.48,63,255,0
52.5,59,255,0
52.52,58,255,0
52.54,61,255,13
52.56,70,255,15
52.58,85,255,15
52.6,116,255,15
52.68,255,255,15
52.7,255,255,15
52.72,255,253,15
52.74,255,248,15
52.76,255,247,15
52.78,255,247,15
52.8,255,247,15
52.82,255,247,15
52.84,255,246,15
52.86,255,247,15
52.88,255,247,15
52.9,255,247,15
52.92,255,246,15
52.94,255,246,15
52.96,255,247,15
52.98,255,247,15
53,255,255,22
53.02,255,255,23
53.04,242,255,40
53.06,198,255,42
53.08,168,255,43
53.1,150,255,43
53.12,134,255,43
53.14,115,255,43
53.16,102,255,43
53.18,95,255,43
53.2,91,255,43
53.22,89,255,43
53.24,90,255,43
53.26,94,255,42
53.28,103,255,41
53.3,115,255,41
53.34,173,255,41
53.4,255,255,41
53.42,255,255,41
53.44,255,255,41
53.46,255,255,41
53.48,255,255,41
53.5,255,248,60
53.52,255,246,63
53.54,255,246,64
53.56,255,246,64
53.58,255,245,64
53.6,255,246,64
53.62,255,247,64
53.64,255,246,64
53.66,255,246,64
53.68,255,246,64
53.7,255,245,64
53.72,255,254,67
53.74,255,255,67
53.76,255,255,67
53.78,255,255,67
53.8,255,255,67
53.82,255,255,67
53.84,255,255,67
53.86,255,255,67
53.88,246,255,59
53.9,229,255,58
53.92,205,255,58
53.94,175,255,58
53.96,147,255,58
53.98,121,255,58
54,105,255,58
54.02,92,255,58
54.04,80,255,58
54.06,72,255,58
54.08,67,255,58
54.1,64,255,58
54.12,63,255,58
54.14,63,255,58
54.16,63,255,58
54.18,63,255,58
54.2,63,255,58
54.22,67,255,52
54.24,69,255,51
54.26,70,255,51
54.28,72,255,51
54.3,75,255,51
54.32,78,255,51
54.34,81,255,51
54.36,84,255,51
54.38,87,255,51
54.4,90,255,51
54.42,94,255,51
54.44,99,255,51
54.46,107,255,51
54.48,112,255,51
54.5,121,255,51
54.52,124,255,25
54.54,124,255,21
54.56,124,255,20
54.58,121,255,30
54.6,119,255,32
54.62,115,255,32
54.64,112,255,32
54.66,105,255,32
54.68,98,255,32
54.7,94,255,32
54.72,87,255,32
54.74,81,255,32
54.76,73,255,32
54.78,66,255,32
54.8,62,255,32
54.82,59,255,32
54.84,56,255,32
54.86,57,255,32
54.88,56,255,32
54.9,57,255,32
54.92,56,255,32
54.94,57,255,32
54.96,57,255,32
54.98,56,255,32
55,56,255,32
55.02,55,255,32
55.04,57,255,32
55.06,57,255,32
55.08,57,255,32
55.1,58,255,32
55.12,59,255,32
55.14,58,255,32
55.16,59,255,32
55.18,61,255,32
55.2,61,255,32
55.22,64,255,21
55.24,66,255,20
55.26,69,255,19
55.28,74,255,19
55.3,76,255,19
55.32,81,255,19
55.34,86,255,19
55.36,90,255,19
55.38,94,255,19
55.4,97,255,19
55.42,103,255,19
55.44,103,255,19
55.46,104,255,19
55.48,105,255,19
55.5,107,255,19
55.52,106,255,19
55.54,107,255,19
55.56,107,255,19
55.58,107,255,19
55.6,108,255,19
55.62,109,255,19
55.64,110,255,19
55.66,114,255,19
55.68,118,255,19
55.7,121,255,19
55.72,126,255,19
55.76,142,255,19
55.78,144,255,19
55.8,149,255,19
55.82,155,255,19
55.84,159,255,19
55.86,166,255,19
55.88,170,255,19
55.92,176,255,19
55.94,178,255,19
55.96,182,255,19
55.98,187,255,19
56.02,198,255,2
56.04,200,255,0
56.06,205,255,0
56.08,209,255,0
56.12,225,255,0
56.14,239,255,0
56.18,255,255,0
56.2,255,255,0
56.22,255,255,0
56.24,255,255,0
56.26,255,255,0
56.28,255,255,0
56.3,255,252,0
56.32,255,251,0
56.34,255,250,0
56.36,255,252,0
56.38,255,245,0
56.4,255,246,0
56.42,255,246,0
56.44,255,245,0
56.46,255,245,0
56.48,255,244,0
56.5,255,244,0
56.52,255,245,0
56.54,255,244,0
56.56,255,244,0
56.58,255,246,0
56.6,255,250,12
56.62,255,250,13
56.64,255,255,14
56.66,255,255,14
56.68,255,255,14
56.7,255,255,14
56.72,241,255,14
56.74,207,255,14
56.76,183,255,14
56.78,169,255,14
56.8,155,255,14
56.82,141,255,14
56.84,127,255,14
56.86,120,255,14
56.88,120,255,14
56.9,122,255,14
56.92,123,255,14
56.94,123,255,14
56.96,121,255,14
56.98,119,255,14
57,118,255,14
57.02,116,255,14
57.04,117,255,14
57.06,117,255,14
57.08,117,255,14
57.1,122,255,18
57.14,143,255,19
57.16,148,255,19
57.18,155,255,19
57.2,159,255,19
57.22,166,255,19
57.26,179,255,19
57.28,185,255,19
57.32,198,255,19
57.34,207,255,19
57.36,217,255,19
57.4,234,255,14
57.42,238,255,13
57.46,254,255,13
57.48,255,255,13
57.5,254,255,13
57.52,254,255,13
57.54,255,255,13
57.56,255,255,13
57.58,255,255,13
57.6,255,255,13
57.62,255,255,13
57.64,255,255,13
57.66,255,255,13
57.68,255,255,13
57.7,255,255,13
57.72,255,255,13
57.74,255,255,13
57.76,255,255,13
57.78,255,255,13
57.8,255,255,13
57.82,255,255,13
57.84,255,255,13
57.86,255,255,13
57.88,255,255,13
57.9,255,255,1
57.92,255,255,0
57.94,255,255,0
57.96,255,255,0
57.98,255,255,0
58,255,255,0
58.02,255,255,0
58.04,255,255,0
58.06,255,255,0
58.08,255,255,0
58.1,255,255,0
58.12,255,255,0
58.14,255,255,0
58.16,255,255,0
58.18,255,255,0
58.2,255,255,0
58.22,255,255,0
58.24,255,255,0
58.26,255,255,0
58.28,255,255,0
58.3,255,255,0
58.32,255,255,0
58.34,255,255,0
58.36,255,255,0
58.38,255,255,0
58.4,255,255,0
58.42,255,255,0
58.44,255,255,0
58.46,255,255,0
58.48,255,255,0
58.5,255,255,0
58.52,255,255,0
58.54,255,255,0
58.56,255,255,0
58.58,255,255,0
58.6,255,255,0
58.62,255,255,0
58.64,255,255,0
58.66,255,255,0
58.68,255,255,0
58.7,255,255,0
58.72,255,255,0
58.74,255,255,0
58.76,255,255,0
58.78,255,255,0
58.8,255,255,0
58.82,255,251,0
58.84,255,250,0
58.86,255,250,0
58.88,255,248,0
58.9,255,249,0
58.92,255,249,0
58.94,255,249,0
58.96,255,249,0
58.98,255,248,0
59,255,248,0
59.02,255,249,0
59.04,255,250,0
59.06,255,250,0
59.08,255,249,0
59.1,255,249,0
59.12,255,248,0
59.14,255,247,0
59.16,255,255,11
59.18,255,255,13
59.2,255,255,13
59.22,255,255,13
59.24,255,255,13
59.26,255,255,13
59.28,255,255,13
59.3,255,255,13
59.32,255,255,13
59.34,255,255,13
59.36,255,255,13
59.38,255,255,13
59.4,255,255,13
59.42,255,250,37
59.44,255,249,40
59.46,255,247,41
59.48,255,247,41
59.5,255,248,41
59.52,255,247,41
59.54,255,246,41
59.56,255,247,41
59.58,255,255,68
59.6,255,255,72
59.62,255,255,72
59.64,255,255,72
59.66,255,255,72
59.68,255,255,72
59.7,255,255,72
59.72,255,250,120
59.74,255,247,127
59.76,255,246,128
59.78,255,246,128
59.8,255,250,209
59.82,255,255,221
59.84,255,255,223
59.86,255,255,223
59.88,255,255,223
59.9,255,255,223
59.92,255,255,223
59.94,255,250,223
59.96,255,247,223
59.98,255,247,223
60,255,247,223
60.02,255,246,223
60.04,255,255,195
60.06,255,255,191
60.08,255,255,191
60.1,255,255,191
60.12,255,255,191
60.14,255,249,254
60.16,255,247,263
60.18,255,246,265
60.2,255,247,265
60.22,255,246,265
60.24,255,255,265
60.26,255,255,265
60.28,255,255,265
60.3,255,255,265
60.32,255,255,265
60.34,255,248,265
60.36,255,247,265
60.38,255,247,265
60.4,255,246,265
60.42,255,246,265
60.44,255,255,265
60.46,255,255,265
60.48,255,255,265
60.5,255,255,265
60.52,255,255,265
60.54,255,255,265
60.56,255,247,229
60.58,255,247,224
60.6,255,247,223
60.62,255,246,223
60.64,255,255,259
60.66,255,255,264
60.68,255,255,265
60.7,255,255,265
60.72,255,254,265
60.74,255,245,313
60.76,255,253,320
60.78,255,255,321
60.8,255,255,321
60.82,255,255,321
60.84,255,255,321
60.86,255,255,321
60.88,255,255,321
60.9,255,248,321
60.92,255,246,321
60.94,255,247,321
60.96,255,246,321
60.98,255,255,136
61,255,255,108
61.02,255,255,104
61.04,255,255,104
61.06,255,255,103
61.08,255,246,103
61.1,255,246,103
61.12,255,247,103
61.14,255,246,103
61.16,255,246,103
61.18,255,255,241
61.2,255,255,261
61.22,255,255,264
61.24,255,255,265
61.26,255,255,265
61.28,255,255,265
61.3,255,247,229
61.32,255,247,224
61.34,255,247,223
61.36,255,247,223
61.38,255,247,223
61.4,255,247,223
61.42,255,246,223
61.44,255,246,223
61.46,255,246,223
61.48,255,246,223
61.5,255,247,223
61.52,255,246,223
61.54,255,246,223
61.56,255,246,223
61.58,255,246,223
61.6,255,247,223
61.62,255,246,223
61.64,255,245,223
61.66,255,246,223
61.68,255,246,223
61.7,255,246,223
61.72,255,246,223
61.74,255,246,223
61.76,255,245,223
61.78,255,246,223
61.8,255,246,223
61.82,255,246,223
61.84,255,245,223
61.86,255,245,223
61.88,255,246,223
61.9,255,246,223
61.92,255,245,223
61.94,255,245,223
61.96,255,246,223
61.98,255,246,223
62,255,246,223
62.02,255,246,223
62.04,255,246,223
62.06,255,245,223
62.08,255,246,223
62.1,255,246,33
62.12,255,246,5
62.14,255,246,0
62.16,255,245,0
62.18,255,245,0
62.2,255,246,0
62.22,255,245,0
62.24,255,245,0
62.26,255,247,0
62.28,255,245,0
62.3,255,246,0
62.32,255,246,0
62.34,255,246,0
62.36,255,246,0
62.38,255,245,0
62.4,255,246,0
62.42,255,246,0
62.44,255,245,0
62.46,255,246,0
62.48,255,246,0
62.5,255,246,0
62.52,255,245,0
62.54,255,245,0
62.56,255,245,0
62.58,255,253,6
62.6,255,255,7
62.62,255,255,7
62.64,255,255,7
62.66,255,255,7
62.68,255,255,7
62.7,255,255,7
62.72,255,255,7
62.74,255,255,7
62.76,255,248,11
62.78,255,247,12
62.8,255,246,12
62.82,255,246,12
62.84,255,246,12
62.86,255,245,12
62.88,255,245,12
62.9,255,246,12
62.92,255,245,12
62.94,255,245,12
62.96,255,246,12
62.98,255,245,12
63,255,246,12
63.02,255,245,12
63.04,255,245,12
63.06,255,245,12
63.08,255,255,48
63.1,255,255,53
63.12,255,255,54
63.14,255,255,54
63.16,255,255,54
63.18,255,255,54
63.2,255,255,54
63.22,255,255,54
63.24,255,252,58
63.26,255,247,58
63.28,255,246,58
63.3,255,246,58
63.32,255,246,58
63.34,255,246,58
63.36,255,246,58
63.38,255,246,58
63.4,255,247,58
63.42,255,247,58
63.44,255,246,58
63.46,255,247,58
63.48,255,246,58
63.5,255,246,58
63.52,255,247,58
63.54,255,245,58
63.56,255,246,58
63.58,255,246,58
63.6,255,255,52
63.62,255,255,51
63.64,255,255,51
63.66,255,255,51
63.68,255,255,51
63.7,255,255,51
63.72,255,255,51
63.74,255,255,51
63.76,255,247,51
63.78,255,246,51
63.8,255,246,51
63.82,255,246,51
63.84,255,246,51
63.86,255,245,51
63.88,255,246,51
63.9,255,246,51
63.92,255,244,51
63.94,255,246,51
63.96,255,245,51
63.98,255,246,51
64,255,245,51
64.02,255,246,51
64.04,255,245,51
64.06,255,253,61
64.08,255,255,62
64.1,255,255,62
64.12,255,255,62
64.14,255,255,62
64.16,255,255,62
64.18,255,255,62
64.2,255,255,62
64.22,255,255,62
64.24,255,246,59
64.26,255,246,58
64.28,255,245,58
64.3,255,246,58
64.32,255,246,58
64.34,255,245,58
64.36,255,245,58
64.38,255,245,58
64.4,255,246,58
64.42,255,245,58
64.43999,255,245,58
64.46,255,245,58
64.48,255,245,58
64.5,255,245,58
64.52,255,254,62
64.54,255,255,62
64.56,255,255,62
64.58,255,255,62
64.6,255,255,62
64.62,255,255,62
64.64,255,255,62
64.66,255,255,62
64.68,255,248,66
64.7,255,246,67
64.72,255,246,67
64.74,255,245,67
64.76,255,246,67
64.78,255,245,67
64.8,255,246,67
64.82,255,245,67
64.84,255,245,67
64.86,255,245,67
64.88,255,244,67
64.9,255,245,67
64.92,255,245,67
64.93999,255,246,67
64.96,255,255,67
64.98,255,255,67
65,255,255,67
65.02,255,255,67
65.04,255,255,67
65.06,255,255,67
65.08,255,255,67
65.1,255,248,72
65.12,255,246,72
65.14,255,246,72
65.16,255,246,72
65.18,255,246,72
65.2,255,246,72
65.22,255,246,72
65.24,255,246,72
65.26,255,246,72
65.28,255,245,72
65.3,255,254,99
65.32,255,255,103
65.34,255,255,103
65.36,255,255,103
65.38,255,255,103
65.4,255,255,103
65.42,255,255,103
65.43999,255,255,103
65.46,255,247,95
65.48,255,247,94
65.5,255,246,94
65.52,255,246,94
65.54,255,246,94
65.56,255,245,94
65.58,255,247,94
65.6,255,246,94
65.62,255,245,94
65.64,255,246,94
65.66,255,245,94
65.68,255,245,94
65.7,255,245,94
65.72,255,245,94
65.74,255,245,94
65.76,255,246,94
65.78,255,245,94
65.8,255,245,94
65.82,255,246,94
65.84,255,245,94
65.86,255,246,94
65.88,255,245,94
65.9,255,245,94
65.92,255,245,94
65.93999,255,245,94
65.96,255,245,94
65.98,255,245,94
66,255,245,94
66.02,255,245,94
66.04,255,245,94
66.06,255,245,94
66.08,255,245,94
66.1,255,245,94
66.12,255,245,94
66.14,255,245,94
66.16,255,246,94
66.18,255,245,94
66.2,255,245,94
66.22,255,245,94
66.24,255,245,94
66.26,255,245,14
66.28,255,246,2
66.3,255,245,0
66.32,255,246,0
66.34,255,245,0
66.36,255,245,0
66.38,255,245,0
66.4,255,246,0
66.42,255,245,0
66.43999,255,244,0
66.46,255,245,0
66.48,255,245,0
66.5,255,246,0
66.52,255,246,0
66.54,255,245,0
66.56,255,245,0
66.58,255,244,0
66.6,255,244,0
66.62,255,245,0
66.64,255,244,0
66.66,255,246,0
66.68,255,246,0
66.7,255,246,0
66.72,255,245,0
66.74,255,245,0
66.76,255,245,0
66.78,255,245,0
66.8,255,245,0
66.82,255,245,0
66.84,255,245,0
66.86,255,245,0
66.88,255,245,0
66.9,255,246,0
66.92,255,246,0
66.93999,255,246,0
66.96,255,245,0
66.98,255,245,0
67,255,245,0
67.02,255,246,0
67.04,255,245,0
67.06,255,246,0
67.08,255,245,0
67.1,255,245,0
67.12,255,246,0
67.14,255,245,0
67.16,255,246,0
67.18,255,245,0
67.2,255,245,0
67.22,255,245,0
67.24,255,245,0
67.26,255,245,0
67.28,255,245,0
67.3,255,246,0
67.32,255,245,0
67.34,255,245,0
67.36,255,245,0
67.38,255,245,0
67.4,255,246,0
67.42,255,245,0
67.43999,255,245,0
67.46,255,245,0
67.48,255,245,0
67.5,255,246,0
67.52,255,245,0
67.54,255,246,0
67.56,255,245,0
67.58,255,245,0
67.6,255,246,0
67.62,255,245,0
67.64,255,245,0
67.66,255,245,0
67.68,255,245,0
67.7,255,245,0
67.72,255,245,0
67.74,255,245,0
67.76,255,245,0
67.78,255,245,0
67.8,255,245,0
67.82,255,245,0
67.84,255,245,0
67.86,255,245,0
67.88,255,245,0
67.9,255,245,0
67.92,255,245,0
67.93999,255,246,0
67.96,255,245,0
67.98,255,245,0
68,255,245,0
68.02,255,245,0
68.04,255,245,0
68.06,255,246,0
68.08,255,246,0
68.1,255,245,0
68.12,255,245,0
68.14,255,245,0
68.16,255,245,0
68.18,255,245,0
68.2,255,244,0
68.22,255,245,0
68.24,255,245,0
68.26,255,246,0
68.28,255,246,0
68.3,255,245,0
68.32,255,246,0
68.34,255,245,0
68.36,255,244,0
68.38,255,245,0
68.4,255,245,0
68.42,255,245,0
68.43999,255,245,0
68.46,255,245,0
68.48,255,245,0
68.5,255,245,0
68.52,255,244,0
68.54,255,245,0
68.56,255,245,0
68.58,255,245,0
68.6,255,245,0
68.62,255,245,0
68.64,255,246,0
68.66,255,245,0
68.68,255,245,0
68.7,255,246,0
68.72,255,245,0
68.74,255,246,0
68.76,255,245,0
68.78,255,245,0
68.8,255,245,0
68.82,255,244,0
68.84,255,245,0
68.86,255,244,0
68.88,255,245,0
68.9,255,245,0
68.92,255,244,0
68.93999,255,245,0
68.96,255,245,0
68.98,255,245,0
69,255,245,0
69.02,255,245,0
69.04,255,245,0
69.06,255,245,0
69.08,255,245,0
69.1,255,244,0
69.12,255,245,0
69.14,255,245,0
69.16,255,246,0
69.18,255,245,0
69.2,255,245,0
69.22,255,246,0
69.24,255,246,0
69.26,255,246,0
69.28,255,245,0
69.3,255,245,0
69.32,255,244,0
69.34,255,245,0
69.36,255,245,0
69.38,255,245,0
69.4,255,245,0
69.42,255,245,0
69.43999,255,245,0
69.46,255,245,0
69.48,255,245,0
69.5,255,245,0
69.52,255,245,0
69.54,255,245,0
69.56,255,245,0
69.58,255,245,0
69.6,255,245,0
69.62,255,245,0
69.64,255,247,0
69.66,255,245,0
69.68,255,245,0
69.7,255,245,0
69.72,255,245,0
69.74,255,246,0
69.76,255,245,0
69.78,255,245,0
69.8,255,245,0
69.82,255,245,0
69.84,255,244,0
69.86,255,245,0
69.88,255,245,0
69.9,255,245,0
69.92,255,246,0
69.93999,255,246,0
69.96,255,245,0
69.98,255,245,0
70,255,245,0
70.02,255,246,0
70.04,255,245,0
70.06,255,246,0
70.08,255,245,0
70.1,255,245,0
70.12,255,245,0
70.14,255,245,0
70.16,255,245,0
70.18,255,246,0
70.2,255,247,0
70.22,255,245,0
70.24,255,245,0
70.26,255,246,0
70.28,255,245,0
70.3,255,246,0
70.32,255,245,0
70.34,255,245,0
70.36,255,246,0
70.38,255,244,0
70.4,255,245,0
70.42,255,245,0
70.43999,255,245,0
70.46,255,245,0
70.48,255,245,0
70.5,255,245,0
70.52,255,245,0
70.54,255,245,0
70.56,255,246,0
70.58,255,245,0
70.6,255,245,0
70.62,255,245,0
70.64,255,245,0
70.66,255,245,0
70.68,255,245,0
70.7,255,246,0
70.72,255,246,0
70.74,255,245,0
70.76,255,246,0
70.78,255,245,0
70.8,255,245,0
70.82,255,246,0
70.84,255,246,0
70.86,255,245,0
70.88,255,245,0
70.9,255,245,0
70.92,255,245,0
70.93999,255,246,0
70.96,255,245,0
70.98,255,245,0
71,255,245,0
71.02,255,245,0
71.04,255,245,0
71.06,255,245,0
71.08,255,245,0
71.1,255,244,0
71.12,255,245,0
71.14,255,245,0
71.16,255,246,0
71.18,255,245,0
71.2,255,246,0
71.22,255,245,0
71.24,255,245,0
71.26,255,245,0
71.28,255,245,0
71.3,255,245,0
71.32,255,245,0
71.34,255,245,0
71.36,255,246,0
71.38,255,245,0
71.4,255,245,0
71.42,255,245,0
71.43999,255,245,0
71.46,255,246,0
71.48,255,245,0
71.5,255,245,0
71.52,255,245,0
71.54,255,245,0
71.56,255,245,0
71.58,255,244,0
71.6,255,245,0
71.62,255,245,0
71.64,255,245,0