Time,A0,A1,Pace,Phase
0.02,1023,1023,0,227.3
0.04,1023,1023,0,227.3
0.06,1023,1023,0,227.3
0.08,1023,1023,0,227.3
0.09999999,1023,1023,0,227.3
0.12,1023,1023,0,227.3
0.14,1023,1023,0,227.3
0.16,1023,1023,0,227.3
0.18,1023,1023,0,227.3
0.2,1023,1023,0,227.3
0.22,1023,1023,0,227.3
0.24,1023,1023,0,227.3
0.26,1023,1023,0,227.3
0.28,1023,1023,0,227.3
0.3,1023,1023,0,227.3
0.32,1023,1023,0,227.3
0.34,1023,1023,0,227.3
0.36,1023,1023,0,227.3
0.38,1023,1023,0,227.3
0.4,1023,1023,0,227.3
0.42,1023,1023,0,227.3
0.44,1023,1023,0,227.3
0.46,1023,1023,0,227.3
0.48,1023,1023,0,227.3
0.5,1023,1023,0,227.3
0.52,1023,1023,0,227.3
0.54,1023,1023,0,227.3
0.56,1023,1023,0,227.3
0.58,1023,1023,0,227.3
0.6,1023,1023,0,227.3
0.62,1023,1023,0,227.3
0.64,1023,1023,0,227.3
0.66,1023,1023,0,227.3
0.68,1023,1023,0,227.3
0.7,1023,1023,0,227.3
0.72,1023,1023,0,227.3
0.74,1023,1023,0,227.3
0.76,1023,1023,0,227.3
0.78,1023,1023,0,227.3
0.8,1023,1023,0,227.3
0.82,1023,1023,0,227.3
0.84,1023,1023,0,227.3
0.86,1023,1023,0,227.3
0.88,1023,1023,0,227.3
0.9,1023,1023,0,227.3
0.92,1023,1023,0,227.3
0.94,1023,1023,0,227.3
0.96,1023,1023,0,227.3
0.98,1023,1023,0,227.3
1,1023,1023,0,227.3
1.02,1023,1023,0,227.3
1.04,1023,1023,0,227.3
1.06,1023,1023,0,227.3
1.08,1023,1023,0,227.3
1.1,1023,1023,0,227.3
1.12,1023,1023,0,227.3
1.14,1023,1023,0,227.3
1.16,1023,1023,0,227.3
1.18,1023,1023,0,227.3
1.2,1023,1023,0,227.3
1.22,1023,1023,0,227.3
1.24,1023,1023,0,227.3
1.26,1023,1023,0,227.3
1.28,1023,1023,0,227.3
1.3,1023,1023,0,227.3
1.32,1023,1023,0,227.3
1.34,1023,1023,0,227.3
1.36,1023,1023,0,227.3
1.38,1023,1023,0,227.3
1.4,1023,1023,0,227.3
1.42,1023,1023,0,227.3
1.44,1023,1023,0,227.3
1.46,1023,1023,0,227.3
1.48,1023,1023,0,227.3
1.5,1023,1023,0,227.3
1.52,1023,1023,0,227.3
1.54,1023,1023,0,227.3
1.56,1023,1023,0,227.3
1.58,1023,1023,0,227.3
1.6,1023,1023,0,227.3
1.62,1023,1023,0,227.3
1.64,1023,1023,0,227.3
1.66,1023,1023,0,227.3
1.68,1023,1023,0,227.3
1.7,1023,1023,0,227.3
1.72,1023,1023,0,227.3
1.74,1023,1023,0,227.3
1.76,1023,1023,0,227.3
1.78,1023,1023,0,227.3
1.8,1023,1023,0,227.3
1.82,1023,1023,0,227.3
1.84,1023,1023,0,227.3
1.86,1023,1023,0,227.3
1.88,1023,1023,0,227.3
1.9,1023,1023,0,227.3
1.92,1023,1023,0,227.3
1.94,1023,1023,0,227.3
1.96,1023,1023,0,227.3
1.98,1023,1023,0,227.3
2,1023,1023,0,227.3
2.02,1023,1023,0,227.3
2.04,1023,1023,0,227.3
2.06,1023,1023,0,227.3
2.08,1023,1023,0,227.3
2.1,1023,1023,0,227.3
2.12,1023,1023,0,227.3
2.14,1023,1023,0,227.3
2.16,1023,1023,0,227.3
2.18,1023,1023,0,227.3
2.2,1023,1023,0,227.3
2.22,1023,1023,0,227.3
2.24,1023,1023,0,227.3
2.26,1023,1023,0,227.3
2.28,1023,1023,0,227.3
2.3,1023,1023,0,227.3
2.32,1023,1023,0,227.3
2.34,1023,1023,0,227.3
2.36,1023,1023,0,227.3
2.38,1023,1023,0,227.3
2.4,1023,1023,0,227.3
2.42,1023,1023,0,227.3
2.44,1023,1023,0,227.3
2.46,1023,1023,0,227.3
2.48,1023,1023,0,227.3
2.5,1023,1023,0,227.3
2.52,1023,1023,0,227.3
2.54,1023,1023,0,227.3
2.56,1023,1023,0,227.3
2.58,1023,1023,0,227.3
2.6,1023,1023,0,227.3
2.62,1023,1023,0,227.3
2.64,1023,1023,0,227.3
2.66,1023,1023,0,227.3
2.68,1023,1023,0,227.3
2.7,1023,1023,0,227.3
2.72,1023,1023,0,227.3
2.74,1023,1023,0,227.3
2.76,1023,1023,0,227.3
2.78,1023,1023,0,227.3
2.8,1023,1023,0,227.3
2.82,1023,1023,0,227.3
2.84,1023,1023,0,227.3
2.86,1023,1023,0,227.3
2.88,1023,1023,0,227.3
2.9,1023,1023,0,227.3
2.92,1023,1023,0,227.3
2.94,1023,1023,0,227.3
2.96,1023,1023,0,227.3
2.98,1023,1023,0,227.3
3,1023,1023,0,227.3
3.02,1023,1023,0,227.3
3.04,1023,1023,0,227.3
3.06,1023,1023,0,227.3
3.08,1023,1023,0,227.3
3.1,1023,1023,0,227.3
3.12,1023,1023,0,227.3
3.14,1023,1023,0,227.3
3.16,1023,1023,0,227.3
3.18,1023,1023,0,227.3
3.2,1023,1023,0,227.3
3.22,1023,1023,0,227.3
3.24,1023,1023,0,227.3
3.26,1023,1023,0,227.3
3.28,1023,1023,0,227.3
3.3,1023,1023,0,227.3
3.32,1023,1023,0,227.3
3.34,1023,1023,0,227.3
3.36,1023,1023,0,227.3
3.38,1023,1023,0,227.3
3.4,1023,1023,0,227.3
3.42,1023,1023,0,227.3
3.44,1023,1023,0,227.3
3.46,1023,1023,0,227.3
3.48,1023,1023,0,227.3
3.5,1023,1023,0,227.3
3.52,1023,1023,0,227.3
3.54,1023,1023,0,227.3
3.56,1023,1023,0,227.3
3.58,1023,1023,0,227.3
3.6,1023,1023,0,227.3
3.62,1023,1023,0,227.3
3.64,1023,1023,0,227.3
3.66,1023,1023,0,227.3
3.68,1023,1023,0,227.3
3.7,1023,1023,0,227.3
3.72,1023,1023,0,227.3
3.74,1023,1023,0,227.3
3.76,1023,1023,0,227.3
3.78,1023,1023,0,227.3
3.8,1023,1023,0,227.3
3.82,1023,1023,0,227.3
3.84,1023,1023,0,227.3
3.86,1023,1023,0,227.3
3.88,1023,1023,0,227.3
3.9,1023,1023,0,227.3
3.92,1023,1023,0,227.3
3.94,1023,1023,0,227.3
3.96,1023,1023,0,227.3
3.98,1023,1023,0,227.3
4,1023,1023,0,227.3
4.02,1023,1023,0,227.3
4.04,1023,1023,0,227.3
4.06,1023,1023,0,227.3
4.08,1023,1023,0,227.3
4.1,1023,1023,0,227.3
4.12,1023,1023,0,227.3
4.14,1023,1023,0,227.3
4.16,1023,1023,0,227.3
4.18,1023,1023,0,227.3
4.2,1023,1023,0,227.3
4.22,1023,1023,0,227.3
4.24,1023,1023,0,227.3
4.26,1023,1023,0,227.3
4.28,1023,1023,0,227.3
4.3,1023,1023,0,227.3
4.32,1023,1023,0,227.3
4.34,1023,1023,0,227.3
4.36,1023,1023,0,227.3
4.38,1023,1023,0,227.3
4.4,1023,1023,0,227.3
4.42,1023,1023,0,227.3
4.44,1023,1023,0,227.3
4.46,1023,1023,0,227.3
4.48,1023,1023,0,227.3
4.5,1023,1023,0,227.3
4.52,1023,1023,0,227.3
4.54,1023,1023,0,227.3
4.56,1023,1023,0,227.3
4.58,1023,1023,0,227.3
4.6,1023,1023,0,227.3
4.62,1023,1023,0,227.3
4.64,1023,1023,0,227.3
4.66,1023,1023,0,227.3
4.68,1023,1023,0,227.3
4.7,1023,1023,0,227.3
4.72,1023,1023,0,227.3
4.74,1023,1023,0,227.3
4.76,1023,1023,0,227.3
4.78,1023,1023,0,227.3
4.8,1023,1023,0,227.3
4.82,1023,1023,0,227.3
4.84,1023,1023,0,227.3
4.86,1023,1023,0,227.3
4.88,1023,1023,0,227.3
4.9,1023,1023,0,227.3
4.92,1023,1023,0,227.3
4.94,1023,1023,0,227.3
4.96,1023,1023,0,227.3
4.98,1023,1023,0,227.3
5,1023,1023,0,227.3
5.02,1023,1023,0,227.3
5.04,1023,1023,0,227.3
5.06,1023,1023,0,227.3
5.08,1023,1023,0,227.3
5.1,1023,1023,0,227.3
5.12,1023,1023,0,227.3
5.14,1023,1023,0,227.3
5.16,1023,1023,0,227.3
5.18,1023,1023,0,227.3
5.2,1023,1023,0,227.3
5.22,1023,1023,0,227.3
5.24,1023,1023,0,227.3
5.26,1023,1023,0,227.3
5.28,1023,1023,0,227.3
5.3,1023,1023,0,227.3
5.32,1023,1023,0,227.3
5.34,1023,1023,0,227.3
5.36,1023,1023,0,227.3
5.38,1023,1023,0,227.3
5.4,1023,1023,0,227.3
5.42,1023,1023,0,227.3
5.44,1023,1023,0,227.3
5.46,1023,1023,0,227.3
5.48,1023,1023,0,227.3
5.5,1023,1023,0,227.3
5.52,1023,1023,0,227.3
5.54,1023,1023,0,227.3
5.56,1023,1023,0,227.3
5.58,1023,1023,0,227.3
5.6,1023,1023,0,227.3
5.62,1023,1023,0,227.3
5.64,1023,1023,0,227.3
5.66,1023,1023,0,227.3
5.68,1023,1023,0,227.3
5.7,1023,1023,0,227.3
5.72,1023,1023,0,227.3
5.74,1023,1023,0,227.3
5.76,1023,1023,0,227.3
5.78,1023,1023,0,227.3
5.8,1023,1023,0,227.3
5.82,1023,1023,0,227.3
5.84,1023,1023,0,227.3
5.86,1023,1023,0,227.3
5.88,1023,1023,0,227.3
5.9,1023,1023,0,227.3
5.92,1023,1023,0,227.3
5.94,1023,1023,0,227.3
5.96,1023,1023,0,227.3
5.98,1023,1023,0,227.3
6,1023,1023,0,227.3
6.02,1023,1023,0,227.3
6.04,1023,1023,0,227.3
6.06,1023,1023,0,227.3
6.08,1023,1023,0,227.3
6.1,1023,1023,0,227.3
6.12,1023,1023,0,227.3
6.14,1023,1023,0,227.3
6.16,1023,1023,0,227.3
6.18,1023,1023,0,227.3
6.2,1023,1023,0,227.3
6.22,1023,1023,0,227.3
6.24,1023,1023,0,227.3
6.26,1023,1023,0,227.3
6.28,1023,1023,0,227.3
6.3,1023,1023,0,227.3
6.32,1023,1023,0,227.3
6.34,1023,1023,0,227.3
6.36,1023,1023,0,227.3
6.38,1023,1023,0,227.3
6.4,1023,1023,0,227.3
6.42,1023,1023,0,227.3
6.44,1023,1023,0,227.3
6.46,1023,1023,0,227.3
6.48,1023,1023,0,227.3
6.5,1023,1023,0,227.3
6.52,1023,1023,0,227.3
6.54,1023,1023,0,227.3
6.56,1023,1023,0,227.3
6.58,1023,1023,0,227.3
6.6,1023,1023,0,227.3
6.62,1023,1023,0,227.3
6.64,1023,1023,0,227.3
6.66,1023,1023,0,227.3
6.68,1023,1023,0,227.3
6.7,1023,1023,0,227.3
6.72,1023,1023,0,227.3
6.74,1023,1023,0,227.3
6.76,1023,1023,0,227.3
6.78,1023,1023,0,227.3
6.8,1023,1023,0,227.3
6.82,1023,1023,0,227.3
6.84,1023,1023,0,227.3
6.86,1023,1023,0,227.3
6.88,1023,1023,0,227.3
6.9,1023,1023,0,227.3
6.92,1023,1023,0,227.3
6.94,1023,1023,0,227.3
6.96,1023,1023,0,227.3
6.98,1023,1023,0,227.3
7,1023,1023,0,227.3
7.02,1023,1023,0,227.3
7.04,1023,1023,0,227.3
7.06,1023,1023,0,227.3
7.08,1023,1023,0,227.3
7.1,1023,1023,0,227.3
7.12,1023,1023,0,227.3
7.14,1023,1023,0,227.3
7.16,1023,1023,0,227.3
7.18,1023,1023,0,227.3
7.2,1023,1023,0,227.3
7.22,1023,1023,0,227.3
7.24,1023,1023,0,227.3
7.26,1023,1023,0,227.3
7.28,1023,1023,0,227.3
7.3,1023,1023,0,227.3
7.32,1023,1023,0,227.3
7.34,1023,1023,0,227.3
7.36,1023,1023,0,227.3
7.38,1023,1023,0,227.3
7.4,1023,1023,0,227.3
7.42,1023,1023,0,227.3
7.44,1023,1023,0,227.3
7.46,1023,1023,0,227.3
7.48,1023,1023,0,227.3
7.5,1023,1023,0,227.3
7.52,1023,1023,0,227.3
7.54,1023,1023,0,227.3
7.56,1023,1023,0,227.3
7.58,1023,1023,0,227.3
7.6,1023,1023,0,227.3
7.62,1023,1023,0,227.3
7.64,1023,1023,0,227.3
7.66,1023,1023,0,227.3
7.68,1023,1023,0,227.3
7.7,1023,1023,0,227.3
7.72,1023,1023,0,227.3
7.74,1023,1023,0,227.3
7.76,1023,1023,0,227.3
7.78,1023,1023,0,227.3
7.8,1023,1023,0,227.3
7.82,1023,1023,0,227.3
7.84,1023,1023,0,227.3
7.86,1023,1023,0,227.3
7.88,1023,1023,0,227.3
7.9,1023,1023,0,227.3
7.92,1023,1023,0,227.3
7.94,1023,1023,0,227.3
7.96,1023,1023,0,227.3
7.98,1023,1023,0,227.3
8,1023,1023,0,227.3
8.02,1023,1023,0,227.3
8.04,1023,1023,0,227.3
8.059999,1023,1023,0,227.3
8.08,1023,1023,0,227.3
8.099999,1023,1023,0,227.3
8.12,1023,1023,0,227.3
8.139999,1023,1023,0,227.3
8.16,1023,1023,0,227.3
8.179999,1023,1023,0,227.3
8.2,1023,1023,0,227.3
8.22,1023,1023,0,227.3
8.24,1023,1023,0,227.3
8.26,1023,1023,0,227.3
8.28,1023,1023,0,227.3
8.3,1023,1023,0,227.3
8.32,1023,1023,0,227.3
8.34,1023,1023,0,227.3
8.36,1023,1023,0,227.3
8.38,1023,1023,0,227.3
8.4,1023,1023,0,227.3
8.42,1023,1023,0,227.3
8.44,1023,1023,0,227.3
8.46,1023,1023,0,227.3
8.48,1023,1023,0,227.3
8.5,1023,1023,0,227.3
8.52,1023,1023,0,227.3
8.54,1023,1023,0,227.3
8.559999,1023,1023,0,227.3
8.58,1023,1023,0,227.3
8.599999,1023,1023,0,227.3
8.62,1023,1023,0,227.3
8.639999,1023,1023,0,227.3
8.66,1023,1023,0,227.3
8.679999,1023,1023,0,227.3
8.7,1023,1023,0,227.3
8.72,1023,1023,0,227.3
8.74,1023,1023,0,227.3
8.76,1023,1023,0,227.3
8.78,1023,1023,0,227.3
8.8,1023,1023,0,227.3
8.82,1023,1023,0,227.3
8.84,1023,1023,0,227.3
8.86,1023,1023,0,227.3
8.88,1023,1023,0,227.3
8.9,1023,1023,0,227.3
8.92,1023,1023,0,227.3
8.94,1023,1023,0,227.3
8.96,1023,1023,0,227.3
8.98,1023,1023,0,227.3
9,1023,1023,0,227.3
9.02,1023,1023,0,227.3
9.04,1023,1023,0,227.3
9.059999,1023,1023,0,227.3
9.08,1023,1023,0,227.3
9.099999,1023,1023,0,227.3
9.12,1023,1023,0,227.3
9.139999,1023,1023,0,227.3
9.16,1023,1023,0,227.3
9.179999,1023,1023,0,227.3
9.2,1023,1023,0,227.3
9.22,1023,1023,0,227.3
9.24,1023,1023,0,227.3
9.26,1023,1023,0,227.3
9.28,1023,1023,0,227.3
9.3,1023,1023,0,227.3
9.32,1023,1023,0,227.3
9.34,1023,1023,0,227.3
9.36,1023,1023,0,227.3
9.38,1023,1023,0,227.3
9.4,1023,1023,0,227.3
9.42,1023,1023,0,227.3
9.44,1023,1023,0,227.3
9.46,1023,1023,0,227.3
9.48,1023,1023,0,227.3
9.5,1023,1023,0,227.3
9.52,1023,1023,0,227.3
9.54,1023,1023,0,227.3
9.559999,1023,1023,0,227.3
9.58,1023,1023,0,227.3
9.599999,1023,1023,0,227.3
9.62,1023,1023,0,227.3
9.639999,1023,1023,0,227.3
9.66,1023,1023,0,227.3
9.679999,1023,1023,0,227.3
9.7,1023,1023,0,227.3
9.719999,1023,1023,0,227.3
9.74,1023,1023,0,227.3
9.76,1023,1023,0,227.3
9.78,1023,1023,0,227.3
9.8,1023,1023,0,227.3
9.82,1023,1023,0,227.3
9.84,1023,1023,0,227.3
9.86,1023,1023,0,227.3
9.88,1023,1023,0,227.3
9.9,1023,1023,0,227.3
9.92,1023,1023,0,227.3
9.94,1023,1023,0,227.3
9.96,1023,1023,0,227.3
9.98,1023,1023,0,227.3
10,1023,1023,0,227.3
10.02,1023,1023,0,227.3
10.04,1023,1023,0,227.3
10.06,1023,1023,0,227.3
10.08,1023,1023,0,227.3
10.1,1023,1023,0,227.3
10.12,1023,1023,0,227.3
10.14,1023,1023,0,227.3
10.16,1023,1023,0,227.3
10.18,1023,1023,0,227.3
10.2,1023,1023,0,227.3
10.22,1023,1023,0,227.3
10.24,1023,1023,0,227.3
10.26,1023,1023,0,227.3
10.28,1023,1023,0,227.3
10.3,1023,1023,0,227.3
10.32,1023,1023,0,227.3
10.34,1023,1023,0,227.3
10.36,1023,1023,0,227.3
10.38,1023,1023,0,227.3
10.4,1023,1023,0,227.3
10.42,1023,1023,0,227.3
10.44,1023,1023,0,227.3
10.46,1023,1023,0,227.3
10.48,1023,1023,0,227.3
10.5,1023,1023,0,227.3
10.52,1023,1023,0,227.3
10.54,1023,1023,0,227.3
10.56,1023,1023,0,227.3
10.58,1023,1023,0,227.3
10.6,1023,1023,0,227.3
10.62,1023,1023,0,227.3
10.64,1023,1023,0,227.3
10.66,1023,1023,0,227.3
10.68,1023,1023,0,227.3
10.7,1023,1023,0,227.3
10.72,1023,1023,0,227.3
10.74,1023,1023,0,227.3
10.76,1023,1023,0,227.3
10.78,1023,1023,0,227.3
10.8,1023,1023,0,227.3
10.82,1023,1023,0,227.3
10.84,1023,1023,0,227.3
10.86,1023,1023,0,227.3
10.88,1023,1023,0,227.3
10.9,1023,1023,0,227.3
10.92,1023,1023,0,227.3
10.94,1023,1023,0,227.3
10.96,1023,1023,0,227.3
10.98,1023,1023,0,227.3
11,1023,1023,0,227.3
11.02,1023,1023,0,227.3
11.04,1023,1023,0,227.3
11.06,1023,1023,0,227.3
11.08,1023,1023,0,227.3
11.1,1023,1023,0,227.3
11.12,1023,1023,0,227.3
11.14,1023,1023,0,227.3
11.16,1023,1023,0,227.3
11.18,1023,1023,0,227.3
11.2,1023,1023,0,227.3
11.22,1023,1023,0,227.3
11.24,1023,1023,0,227.3
11.26,1023,1023,0,227.3
11.28,1023,1023,0,227.3
11.3,1023,1023,0,227.3
11.32,1023,1023,0,227.3
11.34,1023,1023,0,227.3
11.36,1023,1023,0,227.3
11.38,1023,1023,0,227.3
11.4,1023,1023,0,227.3
11.42,1023,1023,0,227.3
11.44,1023,1023,0,227.3
11.46,1023,1023,0,227.3
11.48,1023,1023,0,227.3
11.5,1023,1023,0,227.3
11.52,1023,1023,0,227.3
11.54,1023,1023,0,227.3
11.56,1023,1023,0,227.3
11.58,1023,1023,0,227.3
11.6,1023,1023,0,227.3
11.62,1023,1023,0,227.3
11.64,1023,1023,0,227.3
11.66,1023,1023,0,227.3
11.68,1023,1023,0,227.3
11.7,1023,1023,0,227.3
11.72,1023,1023,0,227.3
11.74,1023,1023,0,227.3
11.76,1023,1023,0,227.3
11.78,1023,1023,0,227.3
11.8,1023,1023,0,227.3
11.82,1023,1023,0,227.3
11.84,1023,1023,0,227.3
11.86,1023,1023,0,227.3
11.88,1023,1023,0,227.3
11.9,1023,1023,0,227.3
11.92,1023,1023,0,227.3
11.94,1023,1023,0,227.3
11.96,1023,1023,0,227.3
11.98,1023,1023,0,227.3
12,1023,1023,0,227.3
12.02,1023,1023,0,227.3
12.04,1023,1023,0,227.3
12.06,1023,1023,0,227.3
12.08,1023,1023,0,227.3
12.1,1023,1023,0,227.3
12.12,1023,1023,0,227.3
12.14,1023,1023,0,227.3
12.16,1023,1023,0,227.3
12.18,1023,1023,0,227.3
12.2,1023,1023,0,227.3
12.22,1023,1023,0,227.3
12.24,1023,1023,0,227.3
12.26,1023,1023,0,227.3
12.28,1023,1023,0,227.3
12.3,1023,1023,0,227.3
12.32,1023,1023,0,227.3
12.34,1023,1023,0,227.3
12.36,1023,1023,0,227.3
12.38,1023,1023,0,227.3
12.4,1023,1023,0,227.3
12.42,1023,1023,0,227.3
12.44,1023,1023,0,227.3
12.46,1023,1023,0,227.3
12.48,1023,1023,0,227.3
12.5,1023,1023,0,227.3
12.52,1023,1023,0,227.3
12.54,1023,1023,0,227.3
12.56,1023,1023,0,227.3
12.58,1023,1023,0,227.3
12.6,1023,1023,0,227.3
12.62,1023,1023,0,227.3
12.64,1023,1023,0,227.3
12.66,1023,1023,0,227.3
12.68,1023,1023,0,227.3
12.7,1023,1023,0,227.3
12.72,1023,1023,0,227.3
12.74,1023,1023,0,227.3
12.76,1023,1023,0,227.3
12.78,1023,1023,0,227.3
12.8,1023,1023,0,227.3
12.82,1023,1023,0,227.3
12.84,1023,1023,0,227.3
12.86,1023,1023,0,227.3
12.88,1023,1023,0,227.3
12.9,1023,1023,0,227.3
12.92,1023,1023,0,227.3
12.94,1023,1023,0,227.3
12.96,1023,1023,0,227.3
12.98,1023,1023,0,227.3
13,1023,1023,0,227.3
13.02,1023,1023,0,227.3
13.04,1023,1023,0,227.3
13.06,1023,1023,0,227.3
13.08,1023,1023,0,227.3
13.1,1023,1023,0,227.3
13.12,1023,1023,0,227.3
13.14,1023,1023,0,227.3
13.16,1023,1023,0,227.3
13.18,1023,1023,0,227.3
13.2,1023,1023,0,227.3
13.22,1023,1023,0,227.3
13.24,1023,1023,0,227.3
13.26,1023,1023,0,227.3
13.28,1023,1023,0,227.3
13.3,1023,1023,0,227.3
13.32,1023,1023,0,227.3
13.34,1023,1023,0,227.3
13.36,1023,1023,0,227.3
13.38,1023,1023,0,227.3
13.4,1023,1023,0,227.3
13.42,1023,1023,0,227.3
13.44,1023,1023,0,227.3
13.46,1023,1023,0,227.3
13.48,1023,1023,0,227.3
13.5,1023,1023,0,227.3
13.52,1023,1023,0,227.3
13.54,1023,1023,0,227.3
13.56,1023,1023,0,227.3
13.58,1023,1023,0,227.3
13.6,1023,1023,0,227.3
13.62,1023,1023,0,227.3
13.64,1023,1023,0,227.3
13.66,1023,1023,0,227.3
13.68,1023,1023,0,227.3
13.7,1023,1023,0,227.3
13.72,1023,1023,0,227.3
13.74,1023,1023,0,227.3
13.76,1023,1023,0,227.3
13.78,1023,1023,0,227.3
13.8,1023,1023,0,227.3
13.82,1023,1023,0,227.3
13.84,1023,1023,0,227.3
13.86,1023,1023,0,227.3
13.88,1023,1023,0,227.3
13.9,1023,1023,0,227.3
13.92,1023,1023,0,227.3
13.94,1023,1023,0,227.3
13.96,1023,1023,0,227.3
13.98,1023,1023,0,227.3
14,1023,1023,0,227.3
14.02,1023,1023,0,227.3
14.04,1023,1023,0,227.3
14.06,1023,1023,0,227.3
14.08,1023,1023,0,227.3
14.1,1023,1023,0,227.3
14.12,1023,1023,0,227.3
14.14,1023,1023,0,227.3
14.16,1023,1023,0,227.3
14.18,1023,1023,0,227.3
14.2,1023,1023,0,227.3
14.22,1023,1023,0,227.3
14.24,1023,1023,0,227.3
14.26,1023,1023,0,227.3
14.28,1023,1023,0,227.3
14.3,1023,1023,0,227.3
14.32,1023,1023,0,227.3
14.34,1023,1023,0,227.3
14.36,1023,1023,0,227.3
14.38,1023,1023,0,227.3
14.4,1023,1023,0,227.3
14.42,1023,1023,0,227.3
14.44,1023,1023,0,227.3
14.46,1023,1023,0,227.3
14.48,1023,1023,0,227.3
14.5,1023,1023,0,227.3
14.52,1023,1023,0,227.3
14.54,1023,1023,0,227.3
14.56,1023,1023,0,227.3
14.58,1023,1023,0,227.3
14.6,1023,1023,0,227.3
14.62,1023,1023,0,227.3
14.64,1023,1023,0,227.3
14.66,1023,1023,0,227.3
14.68,1023,1023,0,227.3
14.7,1023,1023,0,227.3
14.72,1023,1023,0,227.3
14.74,1023,1023,0,227.3
14.76,1023,1023,0,227.3
14.78,1023,1023,0,227.3
14.8,1023,1023,0,227.3
14.82,1023,1023,0,227.3
14.84,1023,1023,0,227.3
14.86,1023,1023,0,227.3
14.88,1023,1023,0,227.3
14.9,1023,1023,0,227.3
14.92,1023,1023,0,227.3
14.94,1023,1023,0,227.3
14.96,1023,1023,0,227.3
14.98,1023,1023,0,227.3
15,1023,1023,0,227.3
15.02,1023,1023,0,227.3
15.04,1023,1023,0,227.3
15.06,1023,1023,0,227.3
15.08,1023,1023,0,227.3
15.1,1023,1023,0,227.3
15.12,1023,1023,0,227.3
15.14,1023,1023,0,227.3
15.16,1023,1023,0,227.3
15.18,1023,1023,0,227.3
15.2,1023,1023,0,227.3
15.22,1023,1023,0,227.3
15.24,1023,1023,0,227.3
15.26,1023,1023,0,227.3
15.28,1023,1023,0,227.3
15.3,1023,1023,0,227.3
15.32,1023,1023,0,227.3
15.34,1023,1023,0,227.3
15.36,1023,1023,0,227.3
15.38,1023,1023,0,227.3
15.4,1023,1023,0,227.3
15.42,1023,1023,0,227.3
15.44,1023,1023,0,227.3
15.46,1023,1023,0,227.3
15.48,1023,1023,0,227.3
15.5,1023,1023,0,227.3
15.52,1023,1023,0,227.3
15.54,1023,1023,0,227.3
15.56,1023,1023,0,227.3
15.58,1023,1023,0,227.3
15.6,1023,1023,0,227.3
15.62,1023,1023,0,227.3
15.64,1023,1023,0,227.3
15.66,1023,1023,0,227.3
15.68,1023,1023,0,227.3
15.7,1023,1023,0,227.3
15.72,1023,1023,0,227.3
15.74,1023,1023,0,227.3
15.76,1023,1023,0,227.3
15.78,1023,1023,0,227.3
15.8,1023,1023,0,227.3
15.82,1023,1023,0,227.3
15.84,1023,1023,0,227.3
15.86,1023,1023,0,227.3
15.88,1023,1023,0,227.3
15.9,1023,1023,0,227.3
15.92,1023,1023,0,227.3
15.94,1023,1023,0,227.3
15.96,1023,1023,0,227.3
15.98,1023,1023,0,227.3
16,1023,1023,0,227.3
16.02,1023,1023,0,227.3
16.04,1023,1023,0,227.3
16.06,1023,1023,0,227.3
16.08,1023,1023,0,227.3
16.1,1023,1023,0,227.3
16.12,1023,1023,0,227.3
16.14,1023,1023,0,227.3
16.16,1023,1023,0,227.3
16.18,1023,1023,0,227.3
16.2,1023,1023,0,227.3
16.22,1023,1023,0,227.3
16.24,1023,1023,0,227.3
16.26,1023,1023,0,227.3
16.28,1023,1023,0,227.3
16.3,1023,1023,0,227.3
16.32,1023,1023,0,227.3
16.34,1023,1023,0,227.3
16.36,1023,1023,0,227.3
16.38,1023,1023,0,227.3
16.4,1023,1023,0,227.3
16.42,1023,1023,0,227.3
16.44,1023,1023,0,227.3
16.46,1023,1023,0,227.3
16.48,1023,1023,0,227.3
16.5,1023,1023,0,227.3
16.52,1023,1023,0,227.3
16.54,1023,1023,0,227.3
16.56,1023,1023,0,227.3
16.58,1023,1023,0,227.3
16.6,1023,1023,0,227.3
16.62,1023,1023,0,227.3
16.64,1023,1023,0,227.3
16.66,1023,1023,0,227.3
16.68,1023,1023,0,227.3
16.7,1023,1023,0,227.3
16.72,1023,1023,0,227.3
16.74,1023,1023,0,227.3
16.76,1023,1023,0,227.3
16.78,1023,1023,0,227.3
16.8,1023,1023,0,227.3
16.82,1023,1023,0,227.3
16.84,1023,1023,0,227.3
16.86,1023,1023,0,227.3
16.88,1023,1023,0,227.3
16.9,1023,1023,0,227.3
16.92,1023,1023,0,227.3
16.94,1023,1023,0,227.3
16.96,1023,1023,0,227.3
16.98,1023,1023,0,227.3
17,1023,1023,0,227.3
17.02,1023,1023,0,227.3
17.04,1023,1023,0,227.3
17.06,1023,1023,0,227.3
17.08,1023,1023,0,227.3
17.1,1023,1023,0,227.3
17.12,1023,1023,0,227.3
17.14,1023,1023,0,227.3
17.16,1023,1023,0,227.3
17.18,1023,1023,0,227.3
17.2,1023,1023,0,227.3
17.22,1023,1023,0,227.3
17.24,1023,1023,0,227.3
17.26,1023,1023,0,227.3
17.28,1023,1023,0,227.3
17.3,1023,1023,0,227.3
17.32,1023,1023,0,227.3
17.34,1023,1023,0,227.3
17.36,1023,1023,0,227.3
17.38,1023,1023,0,227.3
17.4,1023,1023,0,227.3
17.42,1023,1023,0,227.3
17.44,1023,1023,0,227.3
17.46,1023,1023,0,227.3
17.48,1023,1023,0,227.3
17.5,1023,1023,0,227.3
17.52,1023,1023,0,227.3
17.54,1023,1023,0,227.3
17.56,1023,1023,0,227.3
17.58,1023,1023,0,227.3
17.6,1023,1023,0,227.3
17.62,1023,1023,0,227.3
17.64,1023,1023,0,227.3
17.66,1023,1023,0,227.3
17.68,1023,1023,0,227.3
17.7,1023,1023,0,227.3
17.72,1023,1023,0,227.3
17.74,1023,1023,0,227.3
17.76,1023,1023,0,227.3
17.78,1023,1023,0,227.3
17.8,1023,1023,0,227.3
17.82,1023,1023,0,227.3
17.84,1023,1023,0,227.3
17.86,1023,1023,0,227.3
17.88,1023,1023,0,227.3
17.9,1023,1023,0,227.3
17.92,1023,1023,0,227.3
17.94,1023,1023,0,227.3
17.96,1023,1023,0,227.3
17.98,1023,1023,0,227.3
18,1023,1023,0,227.3
18.02,1023,1023,0,227.3
18.04,1023,1023,0,227.3
18.06,1023,1023,0,227.3
18.08,1023,1023,0,227.3
18.1,1023,1023,0,227.3
18.12,1023,1023,0,227.3
18.14,1023,1023,0,227.3
18.16,1023,1023,0,227.3
18.18,1023,1023,0,227.3
18.2,1023,1023,0,227.3
18.22,1023,1023,0,227.3
18.24,1023,1023,0,227.3
18.26,1023,1023,0,227.3
18.28,1023,1023,0,227.3
18.3,1023,1023,0,227.3
18.32,1023,1023,0,227.3
18.34,1023,1023,0,227.3
18.36,1023,1023,0,227.3
18.38,1023,1023,0,227.3
18.4,1023,1023,0,227.3
18.42,1023,1023,0,227.3
18.44,1023,1023,0,227.3
18.46,1023,1023,0,227.3
18.48,1023,1023,0,227.3
18.5,1023,1023,0,227.3
18.52,1023,1023,0,227.3
18.54,1023,1023,0,227.3
18.56,1023,1023,0,227.3
18.58,1023,1023,0,227.3
18.6,1023,1023,0,227.3
18.62,1023,1023,0,227.3
18.64,1023,1023,0,227.3
18.66,1023,1023,0,227.3
18.68,1023,1023,0,227.3
18.7,1023,1023,0,227.3
18.72,1023,1023,0,227.3
18.74,1023,1023,0,227.3
18.76,1023,1023,0,227.3
18.78,1023,1023,0,227.3
18.8,1023,1023,0,227.3
18.82,1023,1023,0,227.3
18.84,1023,1023,0,227.3
18.86,1023,1023,0,227.3
18.88,1023,1023,0,227.3
18.9,1023,1023,0,227.3
18.92,1023,1023,0,227.3
18.94,1023,1023,0,227.3
18.96,1023,1023,0,227.3
18.98,1023,1023,0,227.3
19,1023,1023,0,227.3
19.02,1023,1023,0,227.3
19.04,1023,1023,0,227.3
19.06,1023,1023,0,227.3
19.08,1023,1023,0,227.3
19.1,1023,1023,0,227.3
19.12,1023,1023,0,227.3
19.14,1023,1023,0,227.3
19.16,1023,1023,0,227.3
19.18,1023,1023,0,227.3
19.2,1023,1023,0,227.3
19.22,1023,1023,0,227.3
19.24,1023,1023,0,227.3
19.26,1023,1023,0,227.3
19.28,1023,1023,0,227.3
19.3,1023,1023,0,227.3
19.32,1023,1023,0,227.3
19.34,1023,1023,0,227.3
19.36,1023,1023,0,227.3
19.38,1023,1023,0,227.3
19.4,1023,1023,0,227.3
19.42,1023,1023,0,227.3
19.44,1023,1023,0,227.3
19.46,1023,1023,0,227.3
19.48,1023,1023,0,227.3
19.5,1023,1023,0,227.3
19.52,1023,1023,0,227.3
19.54,1023,1023,0,227.3
19.56,1023,1023,0,227.3
19.58,1023,1023,0,227.3
19.6,1023,1023,0,227.3
19.62,1023,1023,0,227.3
19.64,1023,1023,0,227.3
19.66,1023,1023,0,227.3
19.68,1023,1023,0,227.3
19.7,1023,1023,0,227.3
19.72,1023,1023,0,227.3
19.74,1023,1023,0,227.3
19.76,1023,1023,0,227.3
19.78,1023,1023,0,227.3
19.8,1023,1023,0,227.3
19.82,1023,1023,0,227.3
19.84,1023,1023,0,227.3
19.86,1023,1023,0,227.3
19.88,1023,1023,0,227.3
19.9,1023,1023,0,227.3
19.92,1023,1023,0,227.3
19.94,1023,1023,0,227.3
19.96,1023,1023,0,227.3
19.98,1023,1023,0,227.3
20,1023,1023,0,227.3
20.02,1023,1023,0,227.3
20.04,1023,1023,0,227.3
20.06,1023,1023,0,227.3
20.08,1023,1023,0,227.3
20.1,1023,1023,0,227.3
20.12,1023,1023,0,227.3
20.14,1023,1023,0,227.3
20.16,1023,1023,0,227.3
20.18,1023,1023,0,227.3
20.2,1023,1023,0,227.3
20.22,1023,1023,0,227.3
20.24,1023,1023,0,227.3
20.26,1023,1023,0,227.3
20.28,1023,1023,0,227.3
20.3,1023,1023,0,227.3
20.32,1023,1023,0,227.3
20.34,1023,1023,0,227.3
20.36,1023,1023,0,227.3
20.38,1023,1023,0,227.3
20.4,1023,1023,0,227.3
20.42,1023,1023,0,227.3
20.44,1023,1023,0,227.3
20.46,1023,1023,0,227.3
20.48,1023,1023,0,227.3
20.5,1023,1023,0,227.3
20.52,1023,1023,0,227.3
20.54,1023,1023,0,227.3
20.56,1023,1023,0,227.3
20.58,1023,1023,0,227.3
20.6,1023,1023,0,227.3
20.62,1023,1023,0,227.3
20.64,1023,1023,0,227.3
20.66,1023,1023,0,227.3
20.68,1023,1023,0,227.3
20.7,1023,1023,0,227.3
20.72,1023,1023,0,227.3
20.74,1023,1023,0,227.3
20.76,1023,1023,0,227.3
20.78,1023,1023,0,227.3
20.8,1023,1023,0,227.3
20.82,1023,1023,0,227.3
20.84,1023,1023,0,227.3
20.86,1023,1023,0,227.3
20.88,1023,1023,0,227.3
20.9,1023,1023,0,227.3
20.92,1023,1023,0,227.3
20.94,1023,1023,0,227.3
20.96,1023,1023,0,227.3
20.98,1023,1023,0,227.3
21,1023,1023,0,227.3
21.02,1023,1023,0,227.3
21.04,1023,1023,0,227.3
21.06,1023,1023,0,227.3
21.08,1023,1023,0,227.3
21.1,1023,1023,0,227.3
21.12,1023,1023,0,227.3
21.14,1023,1023,0,227.3
21.16,1023,1023,0,227.3
21.18,1023,1023,0,227.3
21.2,1023,1023,0,227.3
21.22,1023,1023,0,227.3
21.24,1023,1023,0,227.3
21.26,1023,1023,0,227.3
21.28,1023,1023,0,227.3
21.3,1023,1023,0,227.3
21.32,1023,1023,0,227.3
21.34,1023,1023,0,227.3
21.36,1023,1023,0,227.3
21.38,1023,1023,0,227.3
21.4,1023,1023,0,227.3
21.42,1023,1023,0,227.3
21.44,1023,1023,0,227.3
21.46,1023,1023,0,227.3
21.48,1023,1023,0,227.3
21.5,1023,1023,0,227.3
21.52,1023,1023,0,227.3
21.54,1023,1023,0,227.3
21.56,1023,1023,0,227.3
21.58,1023,1023,0,227.3
21.6,1023,1023,0,227.3
21.62,1023,1023,0,227.3
21.64,1023,1023,0,227.3
21.66,1023,1023,0,227.3
21.68,1023,1023,0,227.3
21.7,1023,1023,0,227.3
21.72,1023,1023,0,227.3
21.74,1023,1023,0,227.3
21.76,1023,1023,0,227.3
21.78,1023,1023,0,227.3
21.8,1023,1023,0,227.3
21.82,1023,1023,0,227.3
21.84,1023,1023,0,227.3
21.86,1023,1023,0,227.3
21.88,1023,1023,0,227.3
21.9,1023,1023,0,227.3
21.92,1023,1023,0,227.3
21.94,1023,1023,0,227.3
21.96,1023,1023,0,227.3
21.98,1023,1023,0,227.3
22,1023,1023,0,227.3
22.02,1023,1023,0,227.3
22.04,1023,1023,0,227.3
22.06,1023,1023,0,227.3
22.08,1023,1023,0,227.3
22.1,1023,1023,0,227.3
22.12,1023,1023,0,227.3
22.14,1023,1023,0,227.3
22.16,1023,1023,0,227.3
22.18,1023,1023,0,227.3
22.2,1023,1023,0,227.3
22.22,1023,1023,0,227.3
22.24,1023,1023,0,227.3
22.26,1023,1023,0,227.3
22.28,1023,1023,0,227.3
22.3,1023,1023,0,227.3
22.32,1023,1023,0,227.3
22.34,1023,1023,0,227.3
22.36,1023,1023,0,227.3
22.38,1023,1023,0,227.3
22.4,1023,1023,0,227.3
22.42,1023,1023,0,227.3
22.44,1023,1023,0,227.3
22.46,1023,1023,0,227.3
22.48,1023,1023,0,227.3
22.5,1023,1023,0,227.3
22.52,1023,1023,0,227.3
22.54,1023,1023,0,227.3
22.56,1023,1023,0,227.3
22.58,1023,1023,0,227.3
22.6,1023,1023,0,227.3
22.62,1023,1023,0,227.3
22.64,1023,1023,0,227.3
22.66,1023,1023,0,227.3
22.68,1023,1023,0,227.3
22.7,1023,1023,0,227.3
22.72,1023,1023,0,227.3
22.74,1023,1023,0,227.3
22.76,1023,1023,0,227.3
22.78,1023,1023,0,227.3
22.8,1023,1023,0,227.3
22.82,1023,1023,0,227.3
22.84,1023,1023,0,227.3
22.86,1023,1023,0,227.3
22.88,1023,1023,0,227.3
22.9,1023,1023,0,227.3
22.92,1023,1023,0,227.3
22.94,1023,1023,0,227.3
22.96,1023,1023,0,227.3
22.98,1023,1023,0,227.3
23,1023,1023,0,227.3
23.02,1023,1023,0,227.3
23.04,1023,1023,0,227.3
23.06,1023,1023,0,227.3
23.08,1023,1023,0,227.3
23.1,1023,1023,0,227.3
23.12,1023,1023,0,227.3
23.14,1023,1023,0,227.3
23.16,1023,1023,0,227.3
23.18,1023,1023,0,227.3
23.2,1023,1023,0,227.3
23.22,1023,1023,0,227.3
23.24,1023,1023,0,227.3
23.26,1023,1023,0,227.3
23.28,1023,1023,0,227.3
23.3,1023,1023,0,227.3
23.32,1023,1023,0,227.3
23.34,1023,1023,0,227.3
23.36,1023,1023,0,227.3
23.38,1023,1023,0,227.3
23.4,1023,1023,0,227.3
23.42,1023,1023,0,227.3
23.44,1023,1023,0,227.3
23.46,1023,1023,0,227.3
23.48,1023,1023,0,227.3
23.5,1023,1023,0,227.3
23.52,1023,1023,0,227.3
23.54,1023,1023,0,227.3
23.56,1023,1023,0,227.3
23.58,1023,1023,0,227.3
23.6,1023,1023,0,227.3
23.62,1023,1023,0,227.3
23.64,1023,1023,0,227.3
23.66,1023,1023,0,227.3
23.68,1023,1023,0,227.3
23.7,1023,1023,0,227.3
23.72,1023,1023,0,227.3
23.74,1023,1023,0,227.3
23.76,1023,1023,0,227.3
23.78,1023,1023,0,227.3
23.8,1023,1023,0,227.3
23.82,1023,1023,0,227.3
23.84,1023,1023,0,227.3
23.86,1023,1023,0,227.3
23.88,1023,1023,0,227.3
23.9,1023,1023,0,227.3
23.92,1023,1023,0,227.3
23.94,1023,1023,0,227.3
23.96,1023,1023,0,227.3
23.98,1023,1023,0,227.3
24,1023,1023,0,227.3
24.02,1023,1023,0,227.3
24.04,1023,1023,0,227.3
24.06,1023,1023,0,227.3
24.08,1023,1023,0,227.3
24.1,1023,1023,0,227.3
24.12,1023,1023,0,227.3
24.14,1023,1023,0,227.3
24.16,1023,1023,0,227.3
24.18,1023,1023,0,227.3
24.2,1023,1023,0,227.3
24.22,1023,1023,0,227.3
24.24,1023,1023,0,227.3
24.26,1023,1023,0,227.3
24.28,1023,1023,0,227.3
24.3,1023,1023,0,227.3
24.32,1023,1023,0,227.3
24.34,1023,1023,0,227.3
24.36,1023,1023,0,227.3
24.38,1023,1023,0,227.3
24.4,1023,1023,0,227.3
24.42,1023,1023,0,227.3
24.44,1023,1023,0,227.3
24.46,1023,1023,0,227.3
24.48,1023,1023,0,227.3
24.5,1023,1023,0,227.3
24.52,1023,1023,0,227.3
24.54,1023,1023,0,227.3
24.56,1023,1023,0,227.3
24.58,1023,1023,0,227.3
24.6,1023,1023,0,227.3
24.62,1023,1023,0,227.3
24.64,1023,1023,0,227.3
24.66,1023,1023,0,227.3
24.68,1023,1023,0,227.3
24.7,1023,1023,0,227.3
24.72,1023,1023,0,227.3
24.74,1023,1023,0,227.3
24.76,1023,1023,0,227.3
24.78,1023,1023,0,227.3
24.8,1023,1023,0,227.3
24.82,1023,1023,0,227.3
24.84,1023,1023,0,227.3
24.86,1023,1023,0,227.3
24.88,1023,1023,0,227.3
24.9,1023,1023,0,227.3
24.92,1023,1023,0,227.3
24.94,1023,1023,0,227.3
24.96,1023,1023,0,227.3
24.98,1023,1023,0,227.3
25,1023,1023,0,227.3
25.02,1023,1023,0,227.3
25.04,1023,1023,0,227.3
25.06,1023,1023,0,227.3
25.08,1023,1023,0,227.3
25.1,1023,1023,0,227.3
25.12,1023,1023,0,227.3
25.14,1023,1023,0,227.3
25.16,1023,1023,0,227.3
25.18,1023,1023,0,227.3
25.2,1023,1023,0,227.3
25.22,1023,1023,0,227.3
25.24,1023,1023,0,227.3
25.26,1023,1023,0,227.3
25.28,1023,1023,0,227.3
25.3,1023,1023,0,227.3
25.32,1023,1023,0,227.3
25.34,1023,1023,0,227.3
25.36,1023,1023,0,227.3
25.38,1023,1023,0,227.3
25.4,1023,1023,0,227.3
25.42,1023,1023,0,227.3
25.44,1023,1023,0,227.3
25.46,1023,1023,0,227.3
25.48,1023,1023,0,227.3
25.5,1023,1023,0,227.3
25.52,1023,1023,0,227.3
25.54,1023,1023,0,227.3
25.56,1023,1023,0,227.3
25.58,1023,1023,0,227.3
25.6,1023,1023,0,227.3
25.62,1023,1023,0,227.3
25.64,1023,1023,0,227.3
25.66,1023,1023,0,227.3
25.68,1023,1023,0,227.3
25.7,1023,1023,0,227.3
25.72,1023,1023,0,227.3
25.74,1023,1023,0,227.3
25.76,1023,1023,0,227.3
25.78,1023,1023,0,227.3
25.8,1023,1023,0,227.3
25.82,1023,1023,0,227.3
25.84,1023,1023,0,227.3
25.86,1023,1023,0,227.3
25.88,1023,1023,0,227.3
25.9,1023,1023,0,227.3
25.92,1023,1023,0,227.3
25.94,1023,1023,0,227.3
25.96,1023,1023,0,227.3
25.98,1023,1023,0,227.3
26,1023,1023,0,227.3
26.02,1023,1023,0,227.3
26.04,1023,1023,0,227.3
26.06,1023,1023,0,227.3
26.08,1023,1023,0,227.3
26.1,1023,1023,0,227.3
26.12,1023,1023,0,227.3
26.14,1023,1023,0,227.3
26.16,1023,1023,0,227.3
26.18,1023,1023,0,227.3
26.2,1023,1023,0,227.3
26.22,1023,1023,0,227.3
26.24,1023,1023,0,227.3
26.26,1023,1023,0,227.3
26.28,1023,1023,0,227.3
26.3,1023,1023,0,227.3
26.32,1023,1023,0,227.3
26.34,1023,1023,0,227.3
26.36,1023,1023,0,227.3
26.38,1023,1023,0,227.3
26.4,1023,1023,0,227.3
26.42,1023,1023,0,227.3
26.44,1023,1023,0,227.3
26.46,1023,1023,0,227.3
26.48,1023,1023,0,227.3
26.5,1023,1023,0,227.3
26.52,1023,1023,0,227.3
26.54,1023,1023,0,227.3
26.56,1023,1023,0,227.3
26.58,1023,1023,0,227.3
26.6,1023,1023,0,227.3
26.62,1023,1023,0,227.3
26.64,1023,1023,0,227.3
26.66,1023,1023,0,227.3
26.68,1023,1023,0,227.3
26.7,1023,1023,0,227.3
26.72,1023,1023,0,227.3
26.74,1023,1023,0,227.3
26.76,1023,1023,0,227.3
26.78,1023,1023,0,227.3
26.8,1023,1023,0,227.3
26.82,1023,1023,0,227.3
26.84,1023,1023,0,227.3
26.86,1023,1023,0,227.3
26.88,1023,1023,0,227.3
26.9,1023,1023,0,227.3
26.92,1023,1023,0,227.3
26.94,1023,1023,0,227.3
26.96,1023,1023,0,227.3
26.98,1023,1023,0,227.3
27,1023,1023,0,227.3
27.02,1023,1023,0,227.3
27.04,1023,1023,0,227.3
27.06,1023,1023,0,227.3
27.08,1023,1023,0,227.3
27.1,1023,1023,0,227.3
27.12,1023,1023,0,227.3
27.14,1023,1023,0,227.3
27.16,1023,1023,0,227.3
27.18,1023,1023,0,227.3
27.2,1023,1023,0,227.3
27.22,1023,1023,0,227.3
27.24,1023,1023,0,227.3
27.26,1023,1023,0,227.3
27.28,1023,1023,0,227.3
27.3,1023,1023,0,227.3
27.32,1023,1023,0,227.3
27.34,1023,1023,0,227.3
27.36,1023,1023,0,227.3
27.38,1023,1023,0,227.3
27.4,1023,1004,0,227.3
27.42,1023,957,0,227.3
27.44,1023,911,0.03,227.3
27.46,1023,866,0.03,227.3
27.48,1023,825,0.03,227.3
27.5,1023,787,0.03,227.3
27.52,1023,753,0.03,227.3
27.54,1023,730,0.03,227.3
27.56,1023,713,0.03,227.3
27.58,1023,708,0.03,227.3
27.6,1023,711,0.03,227.3
27.62,1023,732,0.03,227.3
27.64,1023,772,0.03,227.3
27.66,1023,832,0.03,227.3
27.68,1023,915,0.03,227.3
27.7,1023,1001,0.03,227.3
27.72,1023,1023,0.03,227.3
27.74,1023,1023,0.03,227.3
27.76,1023,1023,0.03,227.3
27.78,1023,1023,0.03,227.3
27.8,1008,1023,0.03,227.3
27.82,946,1023,0.03,227.3
27.84,851,1023,0.03,227.3
27.86,744,1023,0.03,227.3
27.88,645,1023,0.03,227.3
27.9,562,1023,0.03,227.3
27.92,483,1023,0.03,227.3
27.94,442,1023,0.03,227.3
27.96,419,1023,0.03,227.3
27.98,401,1023,0.03,227.3
28,395,1023,0.03,227.3
28.02,406,1023,0.03,227.3
28.04,450,1023,0.03,227.31
28.06,535,1023,0.03,227.31
28.08,625,1023,0.03,227.31
28.1,714,1023,0.03,227.31
28.12,793,1023,0.03,227.31
28.14,849,1023,0.03,227.31
28.16,884,1023,0.03,227.31
28.18,909,1023,0.03,227.31
28.2,949,1023,0.03,227.31
28.22,992,1023,0.03,227.31
28.24,1023,1023,0.03,227.31
28.26,1023,1023,0.03,227.31
28.28,1023,971,0.03,227.31
28.3,1023,878,1.35,227.45
28.32,1023,777,1.23,227.55
28.34,1023,683,1.16,227.62
28.36,1023,620,1.12,227.67
28.38,1023,580,1.09,227.7
28.4,1023,557,1.07,227.73
28.42,1023,553,1.06,227.76
28.44,1023,561,1.2,227.79
28.46,1023,596,1.2,227.81
28.48,1023,657,1.19,227.84
28.5,1023,737,1.19,227.87
28.52,1023,821,1.19,227.89
28.54,1023,901,1.19,227.91
28.56,1023,972,1.16,227.94
28.58,1023,1014,1.16,227.96
28.6,1023,1022,1.16,227.98
28.62,1023,1023,1.16,228.01
28.64,1023,1023,1.16,228.03
28.66,1023,1023,1.16,228.05
28.68,1023,1023,1.16,228.08
28.7,991,1023,1.16,228.1
28.72,929,1023,1.19,228.13
28.74,842,1023,1.16,228.17
28.76,749,1023,1.15,228.21
28.78,669,1023,1.14,228.24
28.8,606,1023,1.13,228.26
28.82,571,1023,1.13,228.29
28.84,553,1023,1.12,228.31
28.86,546,1023,1.17,228.33
28.88,548,1023,1.17,228.36
28.9,571,1023,1.17,228.38
28.92,621,1023,1.17,228.41
28.94,685,1023,1.17,228.43
28.96,761,1023,1.17,228.45
28.98,844,1023,1.17,228.48
29,913,1023,1.17,228.5
29.02,983,1023,1.24,228.52
29.04,1016,1023,1.24,228.55
29.06,1023,1023,1.24,228.57
29.08,1023,1023,1.24,228.6
29.1,1023,1023,1.22,228.62
29.12,1023,1023,1.21,228.64
29.14,1023,1023,1.21,228.66
29.16,1023,1023,1.2,228.67
29.18,1023,1009,1.2,228.68
29.2,1023,945,1.07,228.7
29.22,1023,875,1.09,228.71
29.24,1023,810,1.09,228.73
29.26,1023,754,1.1,228.75
29.28,1023,721,1.1,228.77
29.3,1023,708,1.1,228.79
29.32,1023,709,1.12,228.81
29.34,1023,734,1.12,228.83
29.36,1023,788,1.12,228.86
29.38,1023,854,1.12,228.88
29.4,1023,934,1.12,228.9
29.42,1023,1019,1.17,228.92
29.44,1023,1023,1.17,228.95
29.46,1023,1023,1.17,228.97
29.48,998,1023,1.17,228.99
29.5,932,1023,1.26,229.02
29.52,849,1023,1.26,229.04
29.54,754,1023,1.26,229.07
29.56,670,1023,1.26,229.09
29.58,597,1023,1.26,229.12
29.6,555,1023,1.26,229.14
29.62,522,1023,1.26,229.17
29.64,504,1023,1.62,229.22
29.66,504,1023,1.46,229.34
29.68,555,1023,1.37,229.42
29.7,602,1023,1.32,229.48
29.72,666,1023,1.29,229.52
29.74,738,1023,1.27,229.56
29.76,828,1023,1.26,229.59
29.78,930,1023,1.24,229.61
29.8,1009,1023,1.26,229.63
29.82,1023,1023,1.24,229.65
29.84,1023,1023,1.23,229.66
29.86,1023,1023,1.22,229.67
29.88,1023,1009,1.21,229.67
29.9,1023,933,1.35,229.67
29.92,1023,847,1.36,229.68
29.94,1023,762,1.36,229.69
29.96,1023,682,1.37,229.71
29.98,1023,626,1.37,229.72
30,1023,590,1.37,229.73
30.02,1023,567,1.37,229.75
30.04,1023,558,1.37,229.76
30.06,1023,564,1.32,229.77
30.08,1023,599,1.32,229.79
30.1,1023,662,1.32,229.8
30.12,1023,745,1.32,229.81
30.14,1023,835,1.32,229.83
30.16,1023,917,1.32,229.84
30.18,1023,1006,1.27,229.85
30.2,1023,1023,1.27,229.86
30.22,1023,1023,1.27,229.88
30.24,1023,1023,1.27,229.89
30.26,1023,1023,1.27,229.9
30.28,1023,1023,1.27,229.92
30.3,1023,1023,1.27,229.93
30.32,1023,1023,1.27,229.94
30.34,1023,1023,1.27,229.96
30.36,1023,1023,1.27,229.97
30.38,1023,1023,1.27,229.98
30.4,1023,1023,1.27,230
30.42,1023,1023,1.27,230.01
30.44,1023,1023,1.27,230.02
30.46,1023,1023,1.27,230.03
30.48,1023,1023,1.26,230.04
30.5,1023,1023,1.25,230.05
30.52,1023,1023,1.24,230.05
30.54,1023,1023,1.24,230.05
30.56,1023,1023,1.24,230.05
30.58,1023,1023,1.24,230.06
30.6,1023,1023,1.24,230.06
30.62,1023,1023,1.24,230.06
30.64,1023,1023,1.24,230.06
30.66,1023,1023,1.24,230.06
30.68,1023,1023,0.99,230.06
30.7,1023,1023,0.63,230.05
30.72,1023,1023,0.4,230.04
30.74,1023,1023,0.26,230.03
30.76,1023,1023,0.16,230.02
30.78,1023,1023,0.11,230.02
30.8,1023,1023,0.07,230.01
30.82,1023,1023,0.04,230.01
30.84,1023,1023,0.03,230.01
30.86,1023,1023,0.02,230
30.88,1023,1023,0.01,230
30.9,1023,1023,0.01,230
30.92,1023,1023,0,230
30.94,1023,1023,0,230
30.96,1023,1023,0,230
30.98,1023,1023,0,230
31,1023,1023,0,230
31.02,1023,1023,0,230
31.04,1023,1023,0,230
31.06,1023,1023,0,230
31.08,1023,989,0,230
31.1,1023,914,0.75,230.01
31.12,1023,826,0.74,230.02
31.14,1023,729,0.74,230.03
31.16,1023,646,0.74,230.04
31.18,1023,581,0.73,230.05
31.2,1023,531,0.73,230.06
31.22,1023,482,0.73,230.07
31.24,1023,471,0.73,230.07
31.26,1023,469,0.73,230.08
31.28,1023,486,0.8,230.09
31.3,1023,552,0.8,230.1
31.32,1023,623,0.8,230.11
31.34,1023,702,0.8,230.12
31.36,1023,791,0.8,230.12
31.38,1023,880,0.8,230.13
31.4,1023,957,0.79,230.14
31.42,1023,1023,0.79,230.15
31.44,1023,1023,0.79,230.16
31.46,1023,1023,0.79,230.16
31.48,1023,1023,0.79,230.17
31.5,1023,1023,0.79,230.18
31.52,1023,1023,0.79,230.19
31.54,1014,1023,0.79,230.2
31.56,959,1023,0.79,230.21
31.58,871,1023,0.5,230.21
31.6,771,1023,0.51,230.21
31.62,672,1023,0.51,230.22
31.64,588,1023,0.51,230.23
31.66,514,1023,0.51,230.24
31.68,472,1023,0.52,230.25
31.7,448,1023,0.52,230.26
31.72,443,1023,0.9,230.3
31.74,442,1023,0.75,230.41
31.76,470,1023,0.71,230.51
31.78,540,1023,0.62,230.58
31.8,612,1023,0.57,230.63
31.82,707,1023,0.53,230.66
31.84,811,1023,0.51,230.68
31.86,919,1023,0.5,230.7
31.88,1009,1023,0.49,230.71
31.9,1023,1023,0.49,230.72
31.92,1023,1023,0.49,230.74
31.94,1023,1023,0.48,230.75
31.96,1023,1023,0.48,230.76
31.98,1023,1013,0.48,230.77
32,1023,926,1.1,230.78
32.02,1023,831,1.08,230.82
32.04,1023,722,1.07,230.85
32.06,1023,633,1.06,230.88
32.08,1023,567,1.04,230.9
32.1,1023,532,1.03,230.92
32.12,1023,496,1.02,230.93
32.14,1023,496,1.02,230.94
32.16,1023,541,1.11,230.96
32.18,1023,589,1.1,230.97
32.2,1023,657,1.1,230.98
32.22,1023,748,1.1,231
32.24,1023,836,1.1,231.01
32.26,1023,903,1.1,231.02
32.28,1023,955,1.1,231.03
32.3,1023,999,1.1,231.04
32.32,1023,1023,1.1,231.05
32.34,1023,1023,1.1,231.06
32.36,1023,1023,1.1,231.08
32.38,1022,1023,1.1,231.09
32.4,974,1023,1.1,231.1
32.42,897,1023,1.15,231.11
32.44,805,1023,1.16,231.13
32.46,697,1023,1.17,231.15
32.48,605,1023,1.17,231.17
32.5,536,1023,1.18,231.19
32.52,471,1023,1.18,231.22
32.54,454,1023,1.18,231.24
32.56,448,1023,1.18,231.26
32.58,455,1023,1.21,231.29
32.6,486,1023,1.21,231.31
32.62,562,1023,1.21,231.33
32.64,625,1023,1.21,231.36
32.66,688,1023,1.2,231.38
32.68,751,1023,1.19,231.4
32.7,803,1023,1.18,231.41
32.72,857,1023,1.18,231.43
32.74,912,1023,1.18,231.44
32.76,962,1023,1.1,231.45
32.78,999,1023,1.1,231.47
32.8,1014,1023,1.1,231.48
32.82,1023,1023,1.1,231.49
32.84,1023,1016,1.1,231.5
32.86,1023,939,1.13,231.51
32.88,1023,841,1.14,231.53
32.9,1023,735,1.15,231.55
32.92,1023,651,1.15,231.57
32.94,1023,595,1.16,231.59
32.96,1023,569,1.16,231.61
32.98,1023,562,1.16,231.63
33,1023,574,1.17,231.65
33.02,1023,621,1.17,231.68
33.04,1023,703,1.17,231.7
33.06,1023,818,1.17,231.72
33.08,1023,915,1.17,231.75
33.1,1023,986,1.22,231.77
33.12,1023,1023,1.21,231.79
33.14,1023,1023,1.2,231.81
33.16,1023,1023,1.2,231.82
33.18,1023,1023,1.2,231.84
33.2,1013,1023,1.19,231.85
33.22,973,1023,1.19,231.86
33.24,895,1023,1.2,231.88
33.26,806,1023,1.21,231.9
33.28,712,1023,1.21,231.92
33.3,634,1023,1.22,231.94
33.32,589,1023,1.22,231.96
33.34,564,1023,1.22,231.99
33.36,555,1023,1.22,232.01
33.38,557,1023,1.22,232.04
33.4,583,1023,1.23,232.06
33.42,619,1023,1.23,232.08
33.44,672,1023,1.22,232.11
33.46,725,1023,1.21,232.13
33.48,788,1023,1.2,232.15
33.5,846,1023,1.2,232.16
33.52,902,1023,1.19,232.17
33.54,948,1023,1.19,232.19
33.56,976,1023,1.23,232.2
33.58,992,1023,1.23,232.21
33.6,1002,1023,1.23,232.23
33.62,1015,1023,1.23,232.24
33.64,1023,986,1.23,232.25
33.66,1023,913,1.24,232.27
33.68,1023,832,1.25,232.29
33.7,1023,750,1.26,232.31
33.72,1023,677,1.26,232.33
33.74,1023,635,1.26,232.35
33.76,1023,611,1.26,232.38
33.78,1023,605,1.62,232.43
33.8,1023,617,1.47,232.54
33.82,1023,666,1.37,232.61
33.84,1023,736,1.32,232.66
33.86,1023,825,1.28,232.7
33.88,1023,910,1.26,232.72
33.9,1023,975,1.23,232.74
33.92,1023,1023,1.22,232.76
33.94,1023,1023,1.2,232.77
33.96,1023,1023,1.19,232.78
33.98,1023,1023,1.18,232.78
34,1021,1023,1.18,232.78
34.02,987,1023,1.18,232.79
34.04,919,1023,1.18,232.79
34.06,840,1023,1.19,232.79
34.08,748,1023,1.2,232.8
34.1,664,1023,1.2,232.81
34.12,604,1023,1.2,232.82
34.14,569,1023,1.2,232.83
34.16,554,1023,1.2,232.85
34.18,552,1023,1.21,232.86
34.2,558,1023,1.21,232.87
34.22,590,1023,1.21,232.88
34.24,639,1023,1.21,232.9
34.26,702,1023,1.21,232.91
34.28,766,1023,1.21,232.92
34.3,818,1023,1.21,232.93
34.32,870,1023,1.21,232.95
34.34,925,1023,1.21,232.96
34.36,989,1023,1.2,232.97
34.38,1023,1023,1.2,232.98
34.4,1023,1023,1.2,232.99
34.42,1023,1023,1.2,233.01
34.44,1023,1023,1.2,233.02
34.46,1023,1023,1.2,233.03
34.48,1023,1023,1.2,233.04
34.5,1023,1023,1.2,233.06
34.52,1023,1023,1.2,233.07
34.54,1023,1023,1.19,233.08
34.56,1023,1023,1.18,233.09
34.58,1023,1023,1.17,233.09
34.6,1023,1023,1.17,233.09
34.62,1023,1023,1.17,233.09
34.64,1023,1023,1.17,233.09
34.66,1023,1023,1.16,233.09
34.68,1023,1023,1.16,233.09
34.7,1023,1023,1.16,233.1
34.72,1023,1023,1.16,233.1
34.74,1023,1023,1.16,233.1
34.76,1023,1023,1.16,233.1
34.78,1023,1023,1.16,233.1
34.8,1023,1023,1.16,233.1
34.82,1023,1023,1.16,233.1
34.84,1023,1023,1.16,233.1
34.86,1023,1023,1.04,233.1
34.88,1023,1023,0.66,233.09
34.9,1023,1023,0.42,233.08
34.92,1023,1023,0.27,233.07
34.94,1023,1023,0.17,233.06
34.96,1023,1023,0.11,233.06
34.98,1023,1023,0.07,233.05
35,1023,1023,0.05,233.05
35.02,1023,1023,0.03,233.05
35.04,1023,1023,0.02,233.05
35.06,1023,1023,0.01,233.05
35.08,1023,1023,0.01,233.04
35.1,1023,1023,0.01,233.04
35.12,1023,1023,0,233.04
35.14,1023,1008,0,233.04
35.16,1023,941,0.6,233.04
35.18,1023,876,0.59,233.05
35.2,1023,811,0.58,233.06
35.22,1023,764,0.58,233.07
35.24,1023,732,0.58,233.08
35.26,1023,717,0.58,233.08
35.28,1023,719,0.58,233.09
35.3,1023,748,0.64,233.1
35.32,1023,804,0.64,233.11
35.34,995,885,0.64,233.11
35.36,944,1004,0.73,233.12
35.38,865,1023,0.74,233.13
35.4,773,1023,0.74,233.14
35.42,690,1023,0.74,233.15
35.44,629,1023,0.75,233.17
35.46,589,1023,0.75,233.18
35.48,584,1023,0.75,233.2
35.5,589,1023,0.76,233.21
35.52,629,1023,0.76,233.23
35.54,682,976,0.76,233.24
35.56,772,907,2.63,233.35
35.58,895,842,2.53,233.46
35.6,1022,787,1.05,233.52
35.62,1023,752,1.01,233.56
35.64,1023,735,1,233.59
35.66,1023,730,0.98,233.62
35.68,1023,740,2.43,233.66
35.7,1023,772,2.42,233.71
35.72,1023,826,2.41,233.76
35.74,1023,886,2.41,233.81
35.76,1019,960,2.47,233.86
35.78,985,1023,2.46,233.91
35.8,945,1023,2.28,233.96
35.82,894,1023,2.28,234
35.84,863,1023,2.29,234.05
35.86,832,1023,2.29,234.09
35.88,819,1023,2.29,234.14
35.9,823,1023,2.67,234.28
35.92,847,1023,2.63,234.42
35.94,893,992,2.54,234.52
35.96,976,934,2.52,234.61
35.98,1023,871,2.47,234.66
36,1023,815,2.44,234.71
36.02,1023,778,2.42,234.74
36.04,1023,759,2.41,234.77
36.06,1023,757,2.4,234.8
36.08,1020,777,2.46,234.83
36.1,999,826,2.46,234.86
36.12,957,906,2.45,234.88
36.14,901,1015,2.69,234.92
36.16,850,1023,2.71,234.97
36.18,824,1023,2.71,235.01
36.2,809,1023,2.69,235.05
36.22,814,1023,3.12,235.09
36.24,836,1023,3.11,235.13
36.26,884,1023,3.1,235.17
36.28,971,995,3,235.2
36.3,1023,931,2.87,235.24
36.32,1023,873,2.9,235.27
36.34,1023,824,2.91,235.32
36.36,1023,789,2.89,235.36
36.38,1023,773,2.88,235.39
36.4,1023,777,2.94,235.42
36.42,1023,815,2.94,235.46
36.44,1008,884,2.94,235.49
36.46,944,982,2.92,235.52
36.48,875,1023,2.95,235.56
36.5,824,1023,2.93,235.6
36.52,790,1023,2.92,235.64
36.54,768,1023,2.91,235.67
36.56,766,1023,2.91,235.7
36.58,784,1023,2.79,235.73
36.6,825,1023,2.79,235.76
36.62,904,1023,2.79,235.79
36.64,1022,1023,2.77,235.82
36.66,1023,1023,2.74,235.84
36.68,1023,1023,2.72,235.85
36.7,1023,1023,2.71,235.86
36.72,1023,1023,2.7,235.87
36.74,1023,1023,2.7,235.87
36.76,1023,1023,2.69,235.87
36.78,1023,1023,2.69,235.87
36.8,1023,1023,2.69,235.87
36.82,1023,1023,2.69,235.87
36.84,1023,1023,2.69,235.87
36.86,1023,1023,2.69,235.87
36.88,1023,1023,2.69,235.87
36.9,1023,1023,2.69,235.87
36.92,1023,1023,2.69,235.87
36.94,1023,1023,2.69,235.87
36.96,1023,1023,2.69,235.87
36.98,1023,1023,2.69,235.87
37,1023,1023,2.69,235.87
37.02,1023,1023,2.69,235.87
37.04,1023,1023,2.69,235.87
37.06,1023,1023,2.69,235.87
37.08,1023,1023,2.69,235.87
37.1,1023,1023,2.69,235.87
37.12,1023,1023,2.69,235.87
37.14,1023,1023,2.15,235.87
37.16,1023,1023,1.37,235.85
37.18,1023,1023,0.87,235.83
37.2,1023,1023,0.56,235.81
37.22,1023,1023,0.36,235.8
37.24,1023,1023,0.23,235.78
37.26,1023,1023,0.15,235.78
37.28,1023,1023,0.09,235.77
37.3,1023,1023,0.06,235.76
37.32,1023,1023,0.04,235.76
37.34,1023,1023,0.03,235.76
37.36,1023,1023,0.02,235.75
37.38,1023,956,0.01,235.75
37.4,1023,874,0.82,235.77
37.42,1023,798,0.81,235.78
37.44,1023,744,0.81,235.79
37.46,1023,714,0.81,235.8
37.48,1023,710,0.81,235.81
37.5,1019,733,0.89,235.82
37.52,977,796,0.88,235.83
37.54,920,893,0.91,235.84
37.56,848,1023,0.9,235.85
37.58,798,1023,0.91,235.87
37.6,764,1023,0.91,235.88
37.62,750,1023,0.91,235.9
37.64,751,1023,1.16,235.98
37.66,776,987,1.07,236.06
37.68,829,926,3.47,236.16
37.7,915,887,3.36,236.3
37.72,1023,860,3.3,236.4
37.74,1023,828,3.26,236.49
37.76,1023,804,3.22,236.57
37.78,1023,792,3.17,236.63
37.8,998,791,3.15,236.68
37.82,949,821,2.83,236.72
37.84,909,870,2.85,236.76
37.86,879,954,3.17,236.81
37.88,863,1023,3.18,236.87
37.9,862,1023,3.12,236.93
37.92,872,1023,3.13,236.99
37.94,911,1012,3.1,237.05
37.96,978,934,3.42,237.1
37.98,1023,849,3.44,237.15
38,1023,776,3.46,237.22
38.02,1023,735,3.46,237.28
38.04,1023,716,3.47,237.35
38.06,1023,723,3.86,237.42
38.08,1008,769,3.82,237.48
38.1,961,843,3.77,237.53
38.12,924,960,3.71,237.57
38.14,896,1023,3.71,237.61
38.16,881,1023,3.71,237.65
38.18,885,1023,3.7,237.72
38.2,908,1023,3.62,237.81
38.22,944,1023,3.57,237.88
38.24,983,1023,3.52,237.93
38.26,1020,1023,3.47,237.97
38.28,1023,1023,3.44,237.99
38.3,1023,1023,3.42,238
38.32,1023,1023,3.4,238.01
38.34,1023,1023,3.4,238.01
38.36,1023,1023,3.39,238.02
38.38,1023,1023,3.39,238.02
38.4,1023,1023,3.39,238.02
38.42,1023,1023,3.39,238.02
38.44,1023,1023,3.39,238.02
38.46,1023,1023,3.39,238.02
38.48,1023,1023,3.38,238.02
38.5,1023,1023,3.38,238.02
38.52,1023,1023,3.38,238.02
38.54,1023,1023,3.38,238.02
38.56,1023,1023,3.38,238.02
38.58,1023,1023,3.38,238.02
38.6,1023,1023,3.38,238.02
38.62,1023,1023,3.38,238.02
38.64,1023,1023,3.38,238.02
38.66,1023,1023,3.38,238.02
38.68,1023,1023,3.38,238.02
38.7,1023,1023,2.16,238.01
38.72,1023,1023,1.38,237.99
38.74,1023,1023,0.88,237.96
38.76,1023,1023,0.56,237.94
38.78,1023,1023,0.36,237.92
38.8,1023,1023,0.23,237.9
38.82,1023,1023,0.15,237.89
38.84,1023,1023,0.1,237.89
38.86,1023,1023,0.06,237.88
38.88,1023,1023,0.04,237.88
38.9,1023,1023,0.03,237.87
38.92,1023,1023,0.02,237.87
38.94,1023,1023,0.01,237.87
38.96,1023,1023,0.01,237.87
38.98,1023,1023,0,237.87
39,1023,1023,0,237.87
39.02,1023,1023,0,237.87
39.04,1023,1023,0,237.87
39.06,1023,1023,0,237.87
39.08,1023,1023,0,237.87
39.1,1023,1023,0,237.87
39.12,1023,1023,0,237.87
39.14,1023,1023,0,237.87
39.16,1023,1023,0,237.87
39.18,1023,1023,0,237.87
39.2,1023,1023,0,237.87
39.22,1023,1023,0,237.87
39.24,1023,1023,0,237.87
39.26,1023,1023,0,237.87
39.28,1023,1023,0,237.87
39.3,1023,1023,0,237.87
39.32,1023,1023,0,237.87
39.34,1023,1023,0,237.87
39.36,1023,1023,0,237.87
39.38,1023,1023,0,237.87
39.4,1023,1023,0,237.87
39.42,1023,1023,0,237.87
39.44,1023,1023,0,237.87
39.46,1023,1023,0,237.87
39.48,1023,1023,0,237.87
39.5,1023,1023,0,237.87
39.52,1023,1023,0,237.87
39.54,1023,1023,0,237.87
39.56,1023,1023,0,237.87
39.58,1023,1023,0,237.87
39.6,1023,1023,0,237.87
39.62,1023,1023,0,237.87
39.64,1023,1023,0,237.87
39.66,1023,1023,0,237.87
39.68,1023,1023,0,237.87
39.7,1023,1023,0,237.87
39.72,1023,1023,0,237.87
39.74,1023,1023,0,237.87
39.76,1023,1023,0,237.87
39.78,1023,1023,0,237.87
39.8,1023,1023,0,237.87
39.82,1023,1023,0,237.87
39.84,1023,1023,0,237.87
39.86,1023,1023,0,237.87
39.88,1023,1023,0,237.87
39.9,1023,1023,0,237.87
39.92,1023,1023,0,237.87
39.94,1023,1023,0,237.87
39.96,1023,1023,0,237.87
39.98,1023,1023,0,237.87
40,1023,1023,0,237.87
40.02,1023,1023,0,237.87
40.04,1023,1023,0,237.87
40.06,1023,1023,0,237.87
40.08,1023,1023,0,237.87
40.1,1023,1023,0,237.87
40.12,1023,1023,0,237.87
40.14,1023,1023,0,237.87
40.16,1023,1023,0,237.87
40.18,1023,1023,0,237.87
40.2,1023,1023,0,237.87
40.22,1023,1023,0,237.87
40.24,1023,1023,0,237.87
40.26,1023,1023,0,237.87
40.28,1023,1023,0,237.87
40.3,1023,1023,0,237.87
40.32,1023,1023,0,237.87
40.34,1023,1023,0,237.87
40.36,1023,1023,0,237.87
40.38,1023,1023,0,237.87
40.4,1023,1023,0,237.87
40.42,1023,1023,0,237.87
40.44,1023,1023,0,237.87
40.46,1023,1023,0,237.87
40.48,1023,1023,0,237.87
40.5,1023,1023,0,237.87
40.52,1023,1023,0,237.87
40.54,1023,1023,0,237.87
40.56,1023,1023,0,237.87
40.58,1023,1023,0,237.87
40.6,1023,1023,0,237.87
40.62,1023,1023,0,237.87
40.64,1023,1023,0,237.87
40.66,1023,1023,0,237.87
40.68,1023,1023,0,237.87
40.7,1023,1023,0,237.87
40.72,1023,1023,0,237.87
40.74,1023,1023,0,237.87
40.76,1023,1023,0,237.87
40.78,1023,1023,0,237.87
40.8,1023,1023,0,237.87
40.82,1023,1023,0,237.87
40.84,1023,1023,0,237.87
40.86,1023,1023,0,237.87
40.88,1023,1023,0,237.87
40.9,1023,1023,0,237.87
40.92,1023,1023,0,237.87
40.94,1023,1023,0,237.87
40.96,1023,1023,0,237.87
40.98,1023,1023,0,237.87
41,1023,1023,0,237.87
41.02,1023,1023,0,237.87
41.04,1023,1023,0,237.87
41.06,1023,1023,0,237.87
41.08,1023,1023,0,237.87
41.1,1023,1023,0,237.87
41.12,1023,1023,0,237.87
41.14,1023,1023,0,237.87
41.16,1023,1023,0,237.87
41.18,1023,1023,0,237.87
41.2,1023,1023,0,237.87
41.22,1023,1023,0,237.87
41.24,1023,1023,0,237.87
41.26,1023,1023,0,237.87
41.28,1023,1023,0,237.87
41.3,1023,1023,0,237.87
41.32,1023,1023,0,237.87
41.34,1023,1023,0,237.87
41.36,1023,1023,0,237.87
41.38,1023,1023,0,237.87
41.4,1023,1023,0,237.87
41.42,1023,1023,0,237.87
41.44,1023,1023,0,237.87
41.46,1023,1023,0,237.87
41.48,1023,1023,0,237.87
41.5,1023,1023,0,237.87
41.52,1023,1023,0,237.87
41.54,1023,1023,0,237.87
41.56,1023,1023,0,237.87
41.58,1023,1023,0,237.87
41.6,1023,1023,0,237.87
41.62,1023,1023,0,237.87
41.64,1023,1023,0,237.87
41.66,1023,1023,0,237.87
41.68,1023,1023,0,237.87
41.7,1023,1023,0,237.87
41.72,1023,1023,0,237.87
41.74,1023,1023,0,237.87
41.76,1023,1023,0,237.87
41.78,1023,1023,0,237.87
41.8,1023,1023,0,237.87
41.82,1023,1023,0,237.87
41.84,1023,1023,0,237.87
41.86,1023,1023,0,237.87
41.88,1023,1023,0,237.87
41.9,1023,1023,0,237.87
41.92,1023,1023,0,237.87
41.94,1023,1023,0,237.87
41.96,1023,1023,0,237.87
41.98,1023,1023,0,237.87
42,1023,1023,0,237.87
42.02,1023,1023,0,237.87
42.04,1023,1023,0,237.87
42.06,1023,1023,0,237.87
42.08,1023,1023,0,237.87
42.1,1023,1023,0,237.87
42.12,1023,1023,0,237.87
42.14,1023,1023,0,237.87
42.16,1023,1023,0,237.87
42.18,1023,1023,0,237.87
42.2,1023,1023,0,237.87
42.22,1023,1023,0,237.87
42.24,1023,1023,0,237.87
42.26,1023,1023,0,237.87
42.28,1023,1023,0,237.87
42.3,1023,1023,0,237.87
42.32,1023,1023,0,237.87
42.34,1023,1023,0,237.87
42.36,1023,1023,0,237.87
42.38,1023,1023,0,237.87
42.4,1023,1023,0,237.87
42.42,1023,1023,0,237.87
42.44,1023,1023,0,237.87
42.46,1023,1023,0,237.87
42.48,1023,1023,0,237.87
42.5,1023,1023,0,237.87
42.52,1023,1023,0,237.87
42.54,1023,1023,0,237.87
42.56,1023,1023,0,237.87
42.58,1023,1023,0,237.87
42.6,1023,1023,0,237.87
42.62,1023,1023,0,237.87
42.64,1023,1023,0,237.87
42.66,1023,1023,0,237.87
42.68,1023,1023,0,237.87
42.7,1023,1023,0,237.87
42.72,1023,1023,0,237.87
42.74,1023,1023,0,237.87
42.76,1023,1023,0,237.87
42.78,1023,1023,0,237.87
42.8,1023,1023,0,237.87
42.82,1023,1023,0,237.87
42.84,1023,1023,0,237.87
42.86,1023,1023,0,237.87
42.88,1023,1023,0,237.87
42.9,1023,1023,0,237.87
42.92,1023,1023,0,237.87
42.94,1023,1023,0,237.87
42.96,1023,1023,0,237.87
42.98,1023,1023,0,237.87
43,1023,1023,0,237.87
43.02,1023,1023,0,237.87
43.04,1023,1023,0,237.87
43.06,1023,1023,0,237.87
43.08,1023,1023,0,237.87
43.1,1023,1023,0,237.87
43.12,1023,1023,0,237.87
43.14,1023,1023,0,237.87
43.16,1023,1023,0,237.87
43.18,1023,1023,0,237.87
43.2,1023,1023,0,237.87
43.22,1023,1023,0,237.87
43.24,1023,1023,0,237.87
43.26,1023,1023,0,237.87
43.28,1023,1023,0,237.87
43.3,1023,1023,0,237.87
43.32,1023,1023,0,237.87
43.34,1023,1023,0,237.87
43.36,1023,1023,0,237.87
43.38,1023,1023,0,237.87
43.4,1023,1023,0,237.87
43.42,1023,1023,0,237.87
43.44,1023,1023,0,237.87
43.46,1023,1023,0,237.87
43.48,1023,1023,0,237.87
43.5,1023,1023,0,237.87
43.52,1023,1023,0,237.87
43.54,1023,1023,0,237.87
43.56,1023,1023,0,237.87
43.58,1023,1023,0,237.87
43.6,1023,1023,0,237.87
43.62,1023,1023,0,237.87
43.64,1023,1023,0,237.87
43.66,1023,1023,0,237.87
43.68,1023,1023,0,237.87
43.7,1023,1023,0,237.87
43.72,1023,1023,0,237.87
43.74,1023,1023,0,237.87
43.76,1023,1023,0,237.87
43.78,1023,1023,0,237.87
43.8,1023,1023,0,237.87
43.82,1023,1023,0,237.87
43.84,1023,1023,0,237.87
43.86,1023,1023,0,237.87
43.88,1023,1023,0,237.87
43.9,1023,1023,0,237.87
43.92,1023,1023,0,237.87
43.94,1023,1023,0,237.87
43.96,1023,1023,0,237.87
43.98,1023,1023,0,237.87
44,1023,1023,0,237.87
44.02,1023,1023,0,237.87
44.04,1023,1023,0,237.87
44.06,1023,1023,0,237.87
44.08,1023,1023,0,237.87
44.1,1023,1023,0,237.87
44.12,1023,1023,0,237.87
44.14,1023,1023,0,237.87
44.16,1023,1023,0,237.87
44.18,1023,1023,0,237.87
44.2,1023,1023,0,237.87
44.22,1023,1023,0,237.87
44.24,1023,10